{"id1":"ashrafrayyan_42996_14874019_genetic-2.py","id2":"ruebsamenhunter_42818_14840015_genetic.py","similarity":0.16231884057971013,"matches":[{"file1":"ashrafrayyan_42996_14874019_genetic-2.py\\ashrafrayyan_42996_14874019_genetic-2.py","file2":"ruebsamenhunter_42818_14840015_genetic.py\\ruebsamenhunter_42818_14840015_genetic.py","start1":2,"end1":14,"start2":7,"end2":28,"tokens":16},{"file1":"ashrafrayyan_42996_14874019_genetic-2.py\\ashrafrayyan_42996_14874019_genetic-2.py","file2":"ruebsamenhunter_42818_14840015_genetic.py\\ruebsamenhunter_42818_14840015_genetic.py","start1":24,"end1":39,"start2":35,"end2":87,"tokens":12}]}