{"id1":"eskridgematthew_35507_14886954_genetic-LATE.py","id2":"dangtrevor_42745_14874484_hill.py","similarity":0.2857142857142857,"matches":[{"file1":"eskridgematthew_35507_14886954_genetic-LATE.py\\eskridgematthew_35507_14886954_genetic-LATE.py","file2":"dangtrevor_42745_14874484_hill.py\\dangtrevor_42745_14874484_hill.py","start1":47,"end1":61,"start2":59,"end2":66,"tokens":18},{"file1":"eskridgematthew_35507_14886954_genetic-LATE.py\\eskridgematthew_35507_14886954_genetic-LATE.py","file2":"dangtrevor_42745_14874484_hill.py\\dangtrevor_42745_14874484_hill.py","start1":32,"end1":34,"start2":48,"end2":51,"tokens":12}]}