{"id1":"eskridgematthew_35507_14886953_hill-LATE.py","id2":"pacinimarco_28404_14832876_hill-1.py","similarity":0.2823529411764706,"matches":[{"file1":"eskridgematthew_35507_14886953_hill-LATE.py\\eskridgematthew_35507_14886953_hill-LATE.py","file2":"pacinimarco_28404_14832876_hill-1.py\\pacinimarco_28404_14832876_hill-1.py","start1":18,"end1":23,"start2":10,"end2":13,"tokens":12},{"file1":"eskridgematthew_35507_14886953_hill-LATE.py\\eskridgematthew_35507_14886953_hill-LATE.py","file2":"pacinimarco_28404_14832876_hill-1.py\\pacinimarco_28404_14832876_hill-1.py","start1":25,"end1":30,"start2":15,"end2":18,"tokens":12}]}