{"id1":"huynhdylan_32351_14873929_hill.py","id2":"huynhdylan_32351_14873928_genetic.py","similarity":0.28888888888888886,"matches":[{"file1":"huynhdylan_32351_14873929_hill.py\\huynhdylan_32351_14873929_hill.py","file2":"huynhdylan_32351_14873928_genetic.py\\huynhdylan_32351_14873928_genetic.py","start1":6,"end1":38,"start2":21,"end2":55,"tokens":49},{"file1":"huynhdylan_32351_14873929_hill.py\\huynhdylan_32351_14873929_hill.py","file2":"huynhdylan_32351_14873928_genetic.py\\huynhdylan_32351_14873928_genetic.py","start1":39,"end1":41,"start2":13,"end2":15,"tokens":16}]}