{"jplag_version":{"major":4,"minor":3,"patch":0},"submission_folder_path":["C:\\Users\\metal\\OneDrive\\Desktop\\ISA CECS 451\\Assign2Grader\\StudentSubmissions"],"base_code_folder_path":"","language":"Python3 Parser","file_extensions":[".py"],"submission_id_to_display_name":{"hallsteven_8826_14863730_genetic.py":"hallsteven_8826_14863730_genetic.py","lyalex_36345_14873976_genetic.py":"lyalex_36345_14873976_genetic.py","nguyenthuan_62951_14875377_hill.py":"nguyenthuan_62951_14875377_hill.py","maganacesar_17599_14875589_genetic-1.py":"maganacesar_17599_14875589_genetic-1.py","askamjoshua_52582_14867173_genetic-3.py":"askamjoshua_52582_14867173_genetic-3.py","hallsteven_8826_14863731_hill.py":"hallsteven_8826_14863731_hill.py","tangmanting_62858_14874194_genetic-2.py":"tangmanting_62858_14874194_genetic-2.py","tessemabesufekad_42850_14875193_hill.py":"tessemabesufekad_42850_14875193_hill.py","nguyenkiet_34640_14874481_genetic-1.py":"nguyenkiet_34640_14874481_genetic-1.py","quezadagabriel_61627_14875612_hill.py":"quezadagabriel_61627_14875612_hill.py","nguyenkatelynn_51984_14875648_hill.py":"nguyenkatelynn_51984_14875648_hill.py","ashrafrayyan_42996_14874020_hill-2.py":"ashrafrayyan_42996_14874020_hill-2.py","nguyenthanh_29352_14862400_genetic.py":"nguyenthanh_29352_14862400_genetic.py","board.py":"board.py","ruebsamenhunter_42818_14840015_genetic.py":"ruebsamenhunter_42818_14840015_genetic.py","morenodaniel_31442_14867138_genetic.py":"morenodaniel_31442_14867138_genetic.py","zhaohongliang_54111_14869794_genetic.py":"zhaohongliang_54111_14869794_genetic.py","leevictor_61746_14875525_hill.py":"leevictor_61746_14875525_hill.py","anayabriant_43550_14831482_genetic.py":"anayabriant_43550_14831482_genetic.py","nguyentuan_38579_14868152_hill.py":"nguyentuan_38579_14868152_hill.py","fisherjustin_55157_14870357_genetic.py":"fisherjustin_55157_14870357_genetic.py","hosingloyeric_42717_14874617_genetic.py":"hosingloyeric_42717_14874617_genetic.py","maraaidan_55856_14854391_genetic-4.py":"maraaidan_55856_14854391_genetic-4.py","lathsamnang_40690_14869063_hill.py":"lathsamnang_40690_14869063_hill.py","sorianobrianna_24419_14875353_hill.py":"sorianobrianna_24419_14875353_hill.py","jaimealexis_73469_14871350_hill.py":"jaimealexis_73469_14871350_hill.py","nguyenthanh_29352_14862401_hill.py":"nguyenthanh_29352_14862401_hill.py","delgadodiego_56969_14849153_hill.py":"delgadodiego_56969_14849153_hill.py","romerosilvano_61824_14864080_genetic.py":"romerosilvano_61824_14864080_genetic.py","chimvichet_33675_14871481_hill.py":"chimvichet_33675_14871481_hill.py","maganacesar_17599_14875592_hill-1.py":"maganacesar_17599_14875592_hill-1.py","fisherjustin_55157_14870356_hill.py":"fisherjustin_55157_14870356_hill.py","ajitsharvay_23484_14874556_genetic.py":"ajitsharvay_23484_14874556_genetic.py","nguyenkiet_34640_14874480_hill-1.py":"nguyenkiet_34640_14874480_hill-1.py","melgarfrancisco_44172_14867760_hill.py":"melgarfrancisco_44172_14867760_hill.py","askamjoshua_52582_14867175_hill-1.py":"askamjoshua_52582_14867175_hill-1.py","angelaidantristen_26559_14863922_hill.py":"angelaidantristen_26559_14863922_hill.py","chhorbbryan_35249_14857972_hill.py":"chhorbbryan_35249_14857972_hill.py","contrerasgiovanni_11765_14873816_hill.py":"contrerasgiovanni_11765_14873816_hill.py","ortizbacaluis_31190_14866216_genetic.py":"ortizbacaluis_31190_14866216_genetic.py","ajitsharvay_23484_14874557_hill.py":"ajitsharvay_23484_14874557_hill.py","delgadodiego_56969_14849156_genetic.py":"delgadodiego_56969_14849156_genetic.py","trankayla_23296_14876312_genetic-LATE.py":"trankayla_23296_14876312_genetic-LATE.py","maraaidan_55856_14854392_hill-5.py":"maraaidan_55856_14854392_hill-5.py","jinalvin_32921_14866679_genetic-1.py":"jinalvin_32921_14866679_genetic-1.py","steerkate_29295_14837556_genetic.py":"steerkate_29295_14837556_genetic.py","romerosilvano_61824_14864079_hill.py":"romerosilvano_61824_14864079_hill.py","lyalex_36345_14873974_hill.py":"lyalex_36345_14873974_hill.py","quezadagabriel_61627_14875613_genetic.py":"quezadagabriel_61627_14875613_genetic.py","lopezalex_26289_14853349_genetic.py":"lopezalex_26289_14853349_genetic.py","dangtrevor_42745_14874483_genetic.py":"dangtrevor_42745_14874483_genetic.py","eskridgematthew_35507_14886953_hill-LATE.py":"eskridgematthew_35507_14886953_hill-LATE.py","eskridgematthew_35507_14886954_genetic-LATE.py":"eskridgematthew_35507_14886954_genetic-LATE.py","whitcombjacob_29528_14873365_hill.py":"whitcombjacob_29528_14873365_hill.py","pacinimarco_28404_14832877_genetic-1.py":"pacinimarco_28404_14832877_genetic-1.py","trankayla_23296_14876313_hill-LATE.py":"trankayla_23296_14876313_hill-LATE.py","jinalvin_32921_14866680_hill-1.py":"jinalvin_32921_14866680_hill-1.py","angelaidantristen_26559_14863921_genetic.py":"angelaidantristen_26559_14863921_genetic.py","ruebsamenhunter_42818_14840014_hill.py":"ruebsamenhunter_42818_14840014_hill.py","kiyunakyle_29164_14913237_genetic-3-LATE.py":"kiyunakyle_29164_14913237_genetic-3-LATE.py","leevictor_61746_14875526_genetic.py":"leevictor_61746_14875526_genetic.py","gordillocarine_28482_14873648_hill.py":"gordillocarine_28482_14873648_hill.py","chimvichet_33675_14871482_genetic.py":"chimvichet_33675_14871482_genetic.py","sorianobrianna_24419_14875352_genetic.py":"sorianobrianna_24419_14875352_genetic.py","lathsamnang_40690_14869059_genetic.py":"lathsamnang_40690_14869059_genetic.py","morenodaniel_31442_14867137_hill.py":"morenodaniel_31442_14867137_hill.py","lopezalex_26289_14853350_hill.py":"lopezalex_26289_14853350_hill.py","pacinimarco_28404_14832876_hill-1.py":"pacinimarco_28404_14832876_hill-1.py","wellsbrody_52745_14855686_genetic.py":"wellsbrody_52745_14855686_genetic.py","panderick_63265_14840418_hill.py":"panderick_63265_14840418_hill.py","tangmanting_62858_14874192_hill-1.py":"tangmanting_62858_14874192_hill-1.py","hosingloyeric_42717_14874616_hill.py":"hosingloyeric_42717_14874616_hill.py","vegaalexander_33484_14874900_hill.py":"vegaalexander_33484_14874900_hill.py","anayabriant_43550_14831483_hill.py":"anayabriant_43550_14831483_hill.py","kiyunakyle_29164_14913236_hill-3-LATE.py":"kiyunakyle_29164_14913236_hill-3-LATE.py","zhaohongliang_54111_14869791_hill.py":"zhaohongliang_54111_14869791_hill.py","jaimealexis_73469_14871351_genetic.py":"jaimealexis_73469_14871351_genetic.py","ashrafrayyan_42996_14874019_genetic-2.py":"ashrafrayyan_42996_14874019_genetic-2.py","nguyenthuan_62951_14875534_genetic-2.py":"nguyenthuan_62951_14875534_genetic-2.py","panderick_63265_14840419_genetic.py":"panderick_63265_14840419_genetic.py","melgarfrancisco_44172_14867759_generic.py":"melgarfrancisco_44172_14867759_generic.py","huynhdylan_32351_14873929_hill.py":"huynhdylan_32351_14873929_hill.py","ortizbacaluis_31190_14866218_hill.py":"ortizbacaluis_31190_14866218_hill.py","hoangalex_46866_14868768_genetic.py":"hoangalex_46866_14868768_genetic.py","dangtrevor_42745_14874484_hill.py":"dangtrevor_42745_14874484_hill.py","hoangalex_46866_14868763_hill.py":"hoangalex_46866_14868763_hill.py","steerkate_29295_14837555_hill.py":"steerkate_29295_14837555_hill.py","chhorbbryan_35249_14857973_genetic.py":"chhorbbryan_35249_14857973_genetic.py","nguyenkatelynn_51984_14875663_genetic.py":"nguyenkatelynn_51984_14875663_genetic.py","whitcombjacob_29528_14873366_genetic.py":"whitcombjacob_29528_14873366_genetic.py","wellsbrody_52745_14855687_hill.py":"wellsbrody_52745_14855687_hill.py","gordillocarine_28482_14873649_genetic.py":"gordillocarine_28482_14873649_genetic.py","nguyentuan_38579_14868151_genetic.py":"nguyentuan_38579_14868151_genetic.py","huynhdylan_32351_14873928_genetic.py":"huynhdylan_32351_14873928_genetic.py"},"submission_ids_to_comparison_file_name":{"lyalex_36345_14873976_genetic.py":{"lyalex_36345_14873974_hill.py":"lyalex_36345_14873974_hill.py-lyalex_36345_14873976_genetic.py.json"},"nguyenthuan_62951_14875377_hill.py":{"dangtrevor_42745_14874484_hill.py":"nguyenthuan_62951_14875377_hill.py-dangtrevor_42745_14874484_hill.py.json","board.py":"nguyenthuan_62951_14875377_hill.py-board.py.json","trankayla_23296_14876313_hill-LATE.py":"trankayla_23296_14876313_hill-LATE.py-nguyenthuan_62951_14875377_hill.py.json","fisherjustin_55157_14870356_hill.py":"nguyenthuan_62951_14875377_hill.py-fisherjustin_55157_14870356_hill.py.json","jinalvin_32921_14866680_hill-1.py":"nguyenthuan_62951_14875377_hill.py-jinalvin_32921_14866680_hill-1.py.json","nguyenthuan_62951_14875534_genetic-2.py":"nguyenthuan_62951_14875377_hill.py-nguyenthuan_62951_14875534_genetic-2.py.json","eskridgematthew_35507_14886953_hill-LATE.py":"eskridgematthew_35507_14886953_hill-LATE.py-nguyenthuan_62951_14875377_hill.py.json"},"maganacesar_17599_14875589_genetic-1.py":{"dangtrevor_42745_14874484_hill.py":"dangtrevor_42745_14874484_hill.py-maganacesar_17599_14875589_genetic-1.py.json","maganacesar_17599_14875592_hill-1.py":"maganacesar_17599_14875592_hill-1.py-maganacesar_17599_14875589_genetic-1.py.json"},"askamjoshua_52582_14867173_genetic-3.py":{"nguyenkatelynn_51984_14875663_genetic.py":"askamjoshua_52582_14867173_genetic-3.py-nguyenkatelynn_51984_14875663_genetic.py.json","askamjoshua_52582_14867175_hill-1.py":"askamjoshua_52582_14867175_hill-1.py-askamjoshua_52582_14867173_genetic-3.py.json"},"hallsteven_8826_14863731_hill.py":{"board.py":"hallsteven_8826_14863731_hill.py-board.py.json","dangtrevor_42745_14874484_hill.py":"hallsteven_8826_14863731_hill.py-dangtrevor_42745_14874484_hill.py.json","zhaohongliang_54111_14869791_hill.py":"hallsteven_8826_14863731_hill.py-zhaohongliang_54111_14869791_hill.py.json","panderick_63265_14840418_hill.py":"panderick_63265_14840418_hill.py-hallsteven_8826_14863731_hill.py.json"},"tangmanting_62858_14874194_genetic-2.py":{"jinalvin_32921_14866679_genetic-1.py":"tangmanting_62858_14874194_genetic-2.py-jinalvin_32921_14866679_genetic-1.py.json"},"tessemabesufekad_42850_14875193_hill.py":{"panderick_63265_14840418_hill.py":"panderick_63265_14840418_hill.py-tessemabesufekad_42850_14875193_hill.py.json"},"ashrafrayyan_42996_14874020_hill-2.py":{"dangtrevor_42745_14874484_hill.py":"ashrafrayyan_42996_14874020_hill-2.py-dangtrevor_42745_14874484_hill.py.json","delgadodiego_56969_14849153_hill.py":"ashrafrayyan_42996_14874020_hill-2.py-delgadodiego_56969_14849153_hill.py.json","eskridgematthew_35507_14886954_genetic-LATE.py":"ashrafrayyan_42996_14874020_hill-2.py-eskridgematthew_35507_14886954_genetic-LATE.py.json","ajitsharvay_23484_14874557_hill.py":"ashrafrayyan_42996_14874020_hill-2.py-ajitsharvay_23484_14874557_hill.py.json","lyalex_36345_14873974_hill.py":"lyalex_36345_14873974_hill.py-ashrafrayyan_42996_14874020_hill-2.py.json","lathsamnang_40690_14869063_hill.py":"ashrafrayyan_42996_14874020_hill-2.py-lathsamnang_40690_14869063_hill.py.json","nguyenthuan_62951_14875534_genetic-2.py":"ashrafrayyan_42996_14874020_hill-2.py-nguyenthuan_62951_14875534_genetic-2.py.json"},"nguyenkatelynn_51984_14875648_hill.py":{"delgadodiego_56969_14849153_hill.py":"nguyenkatelynn_51984_14875648_hill.py-delgadodiego_56969_14849153_hill.py.json","vegaalexander_33484_14874900_hill.py":"vegaalexander_33484_14874900_hill.py-nguyenkatelynn_51984_14875648_hill.py.json","delgadodiego_56969_14849156_genetic.py":"nguyenkatelynn_51984_14875648_hill.py-delgadodiego_56969_14849156_genetic.py.json","romerosilvano_61824_14864079_hill.py":"romerosilvano_61824_14864079_hill.py-nguyenkatelynn_51984_14875648_hill.py.json"},"nguyenthanh_29352_14862400_genetic.py":{"nguyenthanh_29352_14862401_hill.py":"nguyenthanh_29352_14862401_hill.py-nguyenthanh_29352_14862400_genetic.py.json"},"board.py":{"dangtrevor_42745_14874484_hill.py":"board.py-dangtrevor_42745_14874484_hill.py.json","nguyenthuan_62951_14875377_hill.py":"nguyenthuan_62951_14875377_hill.py-board.py.json","hallsteven_8826_14863731_hill.py":"hallsteven_8826_14863731_hill.py-board.py.json","zhaohongliang_54111_14869791_hill.py":"board.py-zhaohongliang_54111_14869791_hill.py.json"},"ruebsamenhunter_42818_14840015_genetic.py":{"ashrafrayyan_42996_14874019_genetic-2.py":"ashrafrayyan_42996_14874019_genetic-2.py-ruebsamenhunter_42818_14840015_genetic.py.json"},"zhaohongliang_54111_14869794_genetic.py":{"pacinimarco_28404_14832877_genetic-1.py":"pacinimarco_28404_14832877_genetic-1.py-zhaohongliang_54111_14869794_genetic.py.json"},"nguyentuan_38579_14868152_hill.py":{"nguyentuan_38579_14868151_genetic.py":"nguyentuan_38579_14868152_hill.py-nguyentuan_38579_14868151_genetic.py.json","romerosilvano_61824_14864079_hill.py":"romerosilvano_61824_14864079_hill.py-nguyentuan_38579_14868152_hill.py.json"},"fisherjustin_55157_14870357_genetic.py":{"fisherjustin_55157_14870356_hill.py":"fisherjustin_55157_14870356_hill.py-fisherjustin_55157_14870357_genetic.py.json"},"maraaidan_55856_14854391_genetic-4.py":{"maraaidan_55856_14854392_hill-5.py":"maraaidan_55856_14854392_hill-5.py-maraaidan_55856_14854391_genetic-4.py.json"},"lathsamnang_40690_14869063_hill.py":{"dangtrevor_42745_14874484_hill.py":"lathsamnang_40690_14869063_hill.py-dangtrevor_42745_14874484_hill.py.json","lyalex_36345_14873974_hill.py":"lyalex_36345_14873974_hill.py-lathsamnang_40690_14869063_hill.py.json","ashrafrayyan_42996_14874020_hill-2.py":"ashrafrayyan_42996_14874020_hill-2.py-lathsamnang_40690_14869063_hill.py.json"},"jaimealexis_73469_14871350_hill.py":{"jaimealexis_73469_14871351_genetic.py":"jaimealexis_73469_14871350_hill.py-jaimealexis_73469_14871351_genetic.py.json"},"delgadodiego_56969_14849153_hill.py":{"delgadodiego_56969_14849156_genetic.py":"delgadodiego_56969_14849153_hill.py-delgadodiego_56969_14849156_genetic.py.json","lyalex_36345_14873974_hill.py":"lyalex_36345_14873974_hill.py-delgadodiego_56969_14849153_hill.py.json","romerosilvano_61824_14864079_hill.py":"romerosilvano_61824_14864079_hill.py-delgadodiego_56969_14849153_hill.py.json","nguyenkatelynn_51984_14875648_hill.py":"nguyenkatelynn_51984_14875648_hill.py-delgadodiego_56969_14849153_hill.py.json","ashrafrayyan_42996_14874020_hill-2.py":"ashrafrayyan_42996_14874020_hill-2.py-delgadodiego_56969_14849153_hill.py.json"},"nguyenthanh_29352_14862401_hill.py":{"nguyenthanh_29352_14862400_genetic.py":"nguyenthanh_29352_14862401_hill.py-nguyenthanh_29352_14862400_genetic.py.json"},"maganacesar_17599_14875592_hill-1.py":{"dangtrevor_42745_14874484_hill.py":"maganacesar_17599_14875592_hill-1.py-dangtrevor_42745_14874484_hill.py.json","maganacesar_17599_14875589_genetic-1.py":"maganacesar_17599_14875592_hill-1.py-maganacesar_17599_14875589_genetic-1.py.json","dangtrevor_42745_14874483_genetic.py":"maganacesar_17599_14875592_hill-1.py-dangtrevor_42745_14874483_genetic.py.json"},"romerosilvano_61824_14864080_genetic.py":{"romerosilvano_61824_14864079_hill.py":"romerosilvano_61824_14864079_hill.py-romerosilvano_61824_14864080_genetic.py.json"},"chimvichet_33675_14871481_hill.py":{"gordillocarine_28482_14873648_hill.py":"chimvichet_33675_14871481_hill.py-gordillocarine_28482_14873648_hill.py.json"},"nguyenkiet_34640_14874480_hill-1.py":{"anayabriant_43550_14831483_hill.py":"nguyenkiet_34640_14874480_hill-1.py-anayabriant_43550_14831483_hill.py.json","jinalvin_32921_14866680_hill-1.py":"nguyenkiet_34640_14874480_hill-1.py-jinalvin_32921_14866680_hill-1.py.json","ortizbacaluis_31190_14866218_hill.py":"ortizbacaluis_31190_14866218_hill.py-nguyenkiet_34640_14874480_hill-1.py.json"},"fisherjustin_55157_14870356_hill.py":{"nguyenthuan_62951_14875377_hill.py":"nguyenthuan_62951_14875377_hill.py-fisherjustin_55157_14870356_hill.py.json","fisherjustin_55157_14870357_genetic.py":"fisherjustin_55157_14870356_hill.py-fisherjustin_55157_14870357_genetic.py.json"},"melgarfrancisco_44172_14867760_hill.py":{"pacinimarco_28404_14832876_hill-1.py":"melgarfrancisco_44172_14867760_hill.py-pacinimarco_28404_14832876_hill-1.py.json","melgarfrancisco_44172_14867759_generic.py":"melgarfrancisco_44172_14867760_hill.py-melgarfrancisco_44172_14867759_generic.py.json"},"angelaidantristen_26559_14863922_hill.py":{"dangtrevor_42745_14874484_hill.py":"angelaidantristen_26559_14863922_hill.py-dangtrevor_42745_14874484_hill.py.json","eskridgematthew_35507_14886954_genetic-LATE.py":"angelaidantristen_26559_14863922_hill.py-eskridgematthew_35507_14886954_genetic-LATE.py.json","angelaidantristen_26559_14863921_genetic.py":"angelaidantristen_26559_14863922_hill.py-angelaidantristen_26559_14863921_genetic.py.json","ruebsamenhunter_42818_14840014_hill.py":"angelaidantristen_26559_14863922_hill.py-ruebsamenhunter_42818_14840014_hill.py.json","dangtrevor_42745_14874483_genetic.py":"angelaidantristen_26559_14863922_hill.py-dangtrevor_42745_14874483_genetic.py.json","eskridgematthew_35507_14886953_hill-LATE.py":"angelaidantristen_26559_14863922_hill.py-eskridgematthew_35507_14886953_hill-LATE.py.json"},"askamjoshua_52582_14867175_hill-1.py":{"askamjoshua_52582_14867173_genetic-3.py":"askamjoshua_52582_14867175_hill-1.py-askamjoshua_52582_14867173_genetic-3.py.json","lopezalex_26289_14853350_hill.py":"lopezalex_26289_14853350_hill.py-askamjoshua_52582_14867175_hill-1.py.json"},"contrerasgiovanni_11765_14873816_hill.py":{"hosingloyeric_42717_14874616_hill.py":"hosingloyeric_42717_14874616_hill.py-contrerasgiovanni_11765_14873816_hill.py.json","lyalex_36345_14873974_hill.py":"lyalex_36345_14873974_hill.py-contrerasgiovanni_11765_14873816_hill.py.json","pacinimarco_28404_14832876_hill-1.py":"pacinimarco_28404_14832876_hill-1.py-contrerasgiovanni_11765_14873816_hill.py.json","eskridgematthew_35507_14886953_hill-LATE.py":"eskridgematthew_35507_14886953_hill-LATE.py-contrerasgiovanni_11765_14873816_hill.py.json"},"ajitsharvay_23484_14874557_hill.py":{"ashrafrayyan_42996_14874020_hill-2.py":"ashrafrayyan_42996_14874020_hill-2.py-ajitsharvay_23484_14874557_hill.py.json"},"ortizbacaluis_31190_14866216_genetic.py":{"ortizbacaluis_31190_14866218_hill.py":"ortizbacaluis_31190_14866218_hill.py-ortizbacaluis_31190_14866216_genetic.py.json"},"delgadodiego_56969_14849156_genetic.py":{"delgadodiego_56969_14849153_hill.py":"delgadodiego_56969_14849153_hill.py-delgadodiego_56969_14849156_genetic.py.json","nguyenkatelynn_51984_14875648_hill.py":"nguyenkatelynn_51984_14875648_hill.py-delgadodiego_56969_14849156_genetic.py.json"},"trankayla_23296_14876312_genetic-LATE.py":{"nguyenkatelynn_51984_14875663_genetic.py":"trankayla_23296_14876312_genetic-LATE.py-nguyenkatelynn_51984_14875663_genetic.py.json"},"maraaidan_55856_14854392_hill-5.py":{"maraaidan_55856_14854391_genetic-4.py":"maraaidan_55856_14854392_hill-5.py-maraaidan_55856_14854391_genetic-4.py.json"},"romerosilvano_61824_14864079_hill.py":{"delgadodiego_56969_14849153_hill.py":"romerosilvano_61824_14864079_hill.py-delgadodiego_56969_14849153_hill.py.json","romerosilvano_61824_14864080_genetic.py":"romerosilvano_61824_14864079_hill.py-romerosilvano_61824_14864080_genetic.py.json","nguyentuan_38579_14868152_hill.py":"romerosilvano_61824_14864079_hill.py-nguyentuan_38579_14868152_hill.py.json","nguyenkatelynn_51984_14875648_hill.py":"romerosilvano_61824_14864079_hill.py-nguyenkatelynn_51984_14875648_hill.py.json"},"lyalex_36345_14873974_hill.py":{"delgadodiego_56969_14849153_hill.py":"lyalex_36345_14873974_hill.py-delgadodiego_56969_14849153_hill.py.json","lyalex_36345_14873976_genetic.py":"lyalex_36345_14873974_hill.py-lyalex_36345_14873976_genetic.py.json","contrerasgiovanni_11765_14873816_hill.py":"lyalex_36345_14873974_hill.py-contrerasgiovanni_11765_14873816_hill.py.json","lathsamnang_40690_14869063_hill.py":"lyalex_36345_14873974_hill.py-lathsamnang_40690_14869063_hill.py.json","ashrafrayyan_42996_14874020_hill-2.py":"lyalex_36345_14873974_hill.py-ashrafrayyan_42996_14874020_hill-2.py.json"},"jinalvin_32921_14866679_genetic-1.py":{"hoangalex_46866_14868768_genetic.py":"jinalvin_32921_14866679_genetic-1.py-hoangalex_46866_14868768_genetic.py.json","tangmanting_62858_14874194_genetic-2.py":"tangmanting_62858_14874194_genetic-2.py-jinalvin_32921_14866679_genetic-1.py.json"},"lopezalex_26289_14853349_genetic.py":{"lopezalex_26289_14853350_hill.py":"lopezalex_26289_14853350_hill.py-lopezalex_26289_14853349_genetic.py.json"},"dangtrevor_42745_14874483_genetic.py":{"dangtrevor_42745_14874484_hill.py":"dangtrevor_42745_14874484_hill.py-dangtrevor_42745_14874483_genetic.py.json","eskridgematthew_35507_14886954_genetic-LATE.py":"eskridgematthew_35507_14886954_genetic-LATE.py-dangtrevor_42745_14874483_genetic.py.json","maganacesar_17599_14875592_hill-1.py":"maganacesar_17599_14875592_hill-1.py-dangtrevor_42745_14874483_genetic.py.json","angelaidantristen_26559_14863922_hill.py":"angelaidantristen_26559_14863922_hill.py-dangtrevor_42745_14874483_genetic.py.json","eskridgematthew_35507_14886953_hill-LATE.py":"eskridgematthew_35507_14886953_hill-LATE.py-dangtrevor_42745_14874483_genetic.py.json"},"eskridgematthew_35507_14886953_hill-LATE.py":{"dangtrevor_42745_14874484_hill.py":"eskridgematthew_35507_14886953_hill-LATE.py-dangtrevor_42745_14874484_hill.py.json","eskridgematthew_35507_14886954_genetic-LATE.py":"eskridgematthew_35507_14886953_hill-LATE.py-eskridgematthew_35507_14886954_genetic-LATE.py.json","hosingloyeric_42717_14874616_hill.py":"eskridgematthew_35507_14886953_hill-LATE.py-hosingloyeric_42717_14874616_hill.py.json","anayabriant_43550_14831483_hill.py":"eskridgematthew_35507_14886953_hill-LATE.py-anayabriant_43550_14831483_hill.py.json","contrerasgiovanni_11765_14873816_hill.py":"eskridgematthew_35507_14886953_hill-LATE.py-contrerasgiovanni_11765_14873816_hill.py.json","nguyenthuan_62951_14875377_hill.py":"eskridgematthew_35507_14886953_hill-LATE.py-nguyenthuan_62951_14875377_hill.py.json","angelaidantristen_26559_14863922_hill.py":"angelaidantristen_26559_14863922_hill.py-eskridgematthew_35507_14886953_hill-LATE.py.json","angelaidantristen_26559_14863921_genetic.py":"eskridgematthew_35507_14886953_hill-LATE.py-angelaidantristen_26559_14863921_genetic.py.json","pacinimarco_28404_14832876_hill-1.py":"eskridgematthew_35507_14886953_hill-LATE.py-pacinimarco_28404_14832876_hill-1.py.json","dangtrevor_42745_14874483_genetic.py":"eskridgematthew_35507_14886953_hill-LATE.py-dangtrevor_42745_14874483_genetic.py.json"},"eskridgematthew_35507_14886954_genetic-LATE.py":{"dangtrevor_42745_14874484_hill.py":"eskridgematthew_35507_14886954_genetic-LATE.py-dangtrevor_42745_14874484_hill.py.json","angelaidantristen_26559_14863922_hill.py":"angelaidantristen_26559_14863922_hill.py-eskridgematthew_35507_14886954_genetic-LATE.py.json","nguyenthuan_62951_14875534_genetic-2.py":"eskridgematthew_35507_14886954_genetic-LATE.py-nguyenthuan_62951_14875534_genetic-2.py.json","angelaidantristen_26559_14863921_genetic.py":"eskridgematthew_35507_14886954_genetic-LATE.py-angelaidantristen_26559_14863921_genetic.py.json","ashrafrayyan_42996_14874020_hill-2.py":"ashrafrayyan_42996_14874020_hill-2.py-eskridgematthew_35507_14886954_genetic-LATE.py.json","eskridgematthew_35507_14886953_hill-LATE.py":"eskridgematthew_35507_14886953_hill-LATE.py-eskridgematthew_35507_14886954_genetic-LATE.py.json","dangtrevor_42745_14874483_genetic.py":"eskridgematthew_35507_14886954_genetic-LATE.py-dangtrevor_42745_14874483_genetic.py.json"},"pacinimarco_28404_14832877_genetic-1.py":{"zhaohongliang_54111_14869794_genetic.py":"pacinimarco_28404_14832877_genetic-1.py-zhaohongliang_54111_14869794_genetic.py.json"},"whitcombjacob_29528_14873365_hill.py":{"whitcombjacob_29528_14873366_genetic.py":"whitcombjacob_29528_14873365_hill.py-whitcombjacob_29528_14873366_genetic.py.json","lopezalex_26289_14853350_hill.py":"lopezalex_26289_14853350_hill.py-whitcombjacob_29528_14873365_hill.py.json"},"trankayla_23296_14876313_hill-LATE.py":{"nguyenthuan_62951_14875377_hill.py":"trankayla_23296_14876313_hill-LATE.py-nguyenthuan_62951_14875377_hill.py.json","jinalvin_32921_14866680_hill-1.py":"trankayla_23296_14876313_hill-LATE.py-jinalvin_32921_14866680_hill-1.py.json"},"jinalvin_32921_14866680_hill-1.py":{"nguyenthuan_62951_14875377_hill.py":"nguyenthuan_62951_14875377_hill.py-jinalvin_32921_14866680_hill-1.py.json","trankayla_23296_14876313_hill-LATE.py":"trankayla_23296_14876313_hill-LATE.py-jinalvin_32921_14866680_hill-1.py.json","nguyenkiet_34640_14874480_hill-1.py":"nguyenkiet_34640_14874480_hill-1.py-jinalvin_32921_14866680_hill-1.py.json"},"angelaidantristen_26559_14863921_genetic.py":{"dangtrevor_42745_14874484_hill.py":"dangtrevor_42745_14874484_hill.py-angelaidantristen_26559_14863921_genetic.py.json","eskridgematthew_35507_14886954_genetic-LATE.py":"eskridgematthew_35507_14886954_genetic-LATE.py-angelaidantristen_26559_14863921_genetic.py.json","angelaidantristen_26559_14863922_hill.py":"angelaidantristen_26559_14863922_hill.py-angelaidantristen_26559_14863921_genetic.py.json","eskridgematthew_35507_14886953_hill-LATE.py":"eskridgematthew_35507_14886953_hill-LATE.py-angelaidantristen_26559_14863921_genetic.py.json"},"ruebsamenhunter_42818_14840014_hill.py":{"dangtrevor_42745_14874484_hill.py":"ruebsamenhunter_42818_14840014_hill.py-dangtrevor_42745_14874484_hill.py.json","angelaidantristen_26559_14863922_hill.py":"angelaidantristen_26559_14863922_hill.py-ruebsamenhunter_42818_14840014_hill.py.json"},"gordillocarine_28482_14873648_hill.py":{"chimvichet_33675_14871481_hill.py":"chimvichet_33675_14871481_hill.py-gordillocarine_28482_14873648_hill.py.json","morenodaniel_31442_14867137_hill.py":"gordillocarine_28482_14873648_hill.py-morenodaniel_31442_14867137_hill.py.json"},"chimvichet_33675_14871482_genetic.py":{"melgarfrancisco_44172_14867759_generic.py":"melgarfrancisco_44172_14867759_generic.py-chimvichet_33675_14871482_genetic.py.json"},"morenodaniel_31442_14867137_hill.py":{"gordillocarine_28482_14873648_hill.py":"gordillocarine_28482_14873648_hill.py-morenodaniel_31442_14867137_hill.py.json"},"lopezalex_26289_14853350_hill.py":{"whitcombjacob_29528_14873365_hill.py":"lopezalex_26289_14853350_hill.py-whitcombjacob_29528_14873365_hill.py.json","askamjoshua_52582_14867175_hill-1.py":"lopezalex_26289_14853350_hill.py-askamjoshua_52582_14867175_hill-1.py.json","lopezalex_26289_14853349_genetic.py":"lopezalex_26289_14853350_hill.py-lopezalex_26289_14853349_genetic.py.json"},"panderick_63265_14840418_hill.py":{"anayabriant_43550_14831483_hill.py":"panderick_63265_14840418_hill.py-anayabriant_43550_14831483_hill.py.json","hallsteven_8826_14863731_hill.py":"panderick_63265_14840418_hill.py-hallsteven_8826_14863731_hill.py.json","zhaohongliang_54111_14869791_hill.py":"panderick_63265_14840418_hill.py-zhaohongliang_54111_14869791_hill.py.json","tessemabesufekad_42850_14875193_hill.py":"panderick_63265_14840418_hill.py-tessemabesufekad_42850_14875193_hill.py.json"},"pacinimarco_28404_14832876_hill-1.py":{"hosingloyeric_42717_14874616_hill.py":"hosingloyeric_42717_14874616_hill.py-pacinimarco_28404_14832876_hill-1.py.json","contrerasgiovanni_11765_14873816_hill.py":"pacinimarco_28404_14832876_hill-1.py-contrerasgiovanni_11765_14873816_hill.py.json","melgarfrancisco_44172_14867760_hill.py":"melgarfrancisco_44172_14867760_hill.py-pacinimarco_28404_14832876_hill-1.py.json","eskridgematthew_35507_14886953_hill-LATE.py":"eskridgematthew_35507_14886953_hill-LATE.py-pacinimarco_28404_14832876_hill-1.py.json"},"tangmanting_62858_14874192_hill-1.py":{"hosingloyeric_42717_14874616_hill.py":"tangmanting_62858_14874192_hill-1.py-hosingloyeric_42717_14874616_hill.py.json","steerkate_29295_14837555_hill.py":"steerkate_29295_14837555_hill.py-tangmanting_62858_14874192_hill-1.py.json"},"hosingloyeric_42717_14874616_hill.py":{"contrerasgiovanni_11765_14873816_hill.py":"hosingloyeric_42717_14874616_hill.py-contrerasgiovanni_11765_14873816_hill.py.json","zhaohongliang_54111_14869791_hill.py":"hosingloyeric_42717_14874616_hill.py-zhaohongliang_54111_14869791_hill.py.json","nguyenthuan_62951_14875534_genetic-2.py":"hosingloyeric_42717_14874616_hill.py-nguyenthuan_62951_14875534_genetic-2.py.json","pacinimarco_28404_14832876_hill-1.py":"hosingloyeric_42717_14874616_hill.py-pacinimarco_28404_14832876_hill-1.py.json","eskridgematthew_35507_14886953_hill-LATE.py":"eskridgematthew_35507_14886953_hill-LATE.py-hosingloyeric_42717_14874616_hill.py.json","tangmanting_62858_14874192_hill-1.py":"tangmanting_62858_14874192_hill-1.py-hosingloyeric_42717_14874616_hill.py.json"},"vegaalexander_33484_14874900_hill.py":{"anayabriant_43550_14831483_hill.py":"vegaalexander_33484_14874900_hill.py-anayabriant_43550_14831483_hill.py.json","nguyenkatelynn_51984_14875648_hill.py":"vegaalexander_33484_14874900_hill.py-nguyenkatelynn_51984_14875648_hill.py.json"},"anayabriant_43550_14831483_hill.py":{"vegaalexander_33484_14874900_hill.py":"vegaalexander_33484_14874900_hill.py-anayabriant_43550_14831483_hill.py.json","nguyenkiet_34640_14874480_hill-1.py":"nguyenkiet_34640_14874480_hill-1.py-anayabriant_43550_14831483_hill.py.json","panderick_63265_14840418_hill.py":"panderick_63265_14840418_hill.py-anayabriant_43550_14831483_hill.py.json","eskridgematthew_35507_14886953_hill-LATE.py":"eskridgematthew_35507_14886953_hill-LATE.py-anayabriant_43550_14831483_hill.py.json","ortizbacaluis_31190_14866218_hill.py":"ortizbacaluis_31190_14866218_hill.py-anayabriant_43550_14831483_hill.py.json"},"zhaohongliang_54111_14869791_hill.py":{"dangtrevor_42745_14874484_hill.py":"dangtrevor_42745_14874484_hill.py-zhaohongliang_54111_14869791_hill.py.json","board.py":"board.py-zhaohongliang_54111_14869791_hill.py.json","hosingloyeric_42717_14874616_hill.py":"hosingloyeric_42717_14874616_hill.py-zhaohongliang_54111_14869791_hill.py.json","hallsteven_8826_14863731_hill.py":"hallsteven_8826_14863731_hill.py-zhaohongliang_54111_14869791_hill.py.json","panderick_63265_14840418_hill.py":"panderick_63265_14840418_hill.py-zhaohongliang_54111_14869791_hill.py.json"},"jaimealexis_73469_14871351_genetic.py":{"jaimealexis_73469_14871350_hill.py":"jaimealexis_73469_14871350_hill.py-jaimealexis_73469_14871351_genetic.py.json"},"ashrafrayyan_42996_14874019_genetic-2.py":{"ruebsamenhunter_42818_14840015_genetic.py":"ashrafrayyan_42996_14874019_genetic-2.py-ruebsamenhunter_42818_14840015_genetic.py.json","nguyenthuan_62951_14875534_genetic-2.py":"nguyenthuan_62951_14875534_genetic-2.py-ashrafrayyan_42996_14874019_genetic-2.py.json"},"nguyenthuan_62951_14875534_genetic-2.py":{"eskridgematthew_35507_14886954_genetic-LATE.py":"eskridgematthew_35507_14886954_genetic-LATE.py-nguyenthuan_62951_14875534_genetic-2.py.json","hosingloyeric_42717_14874616_hill.py":"hosingloyeric_42717_14874616_hill.py-nguyenthuan_62951_14875534_genetic-2.py.json","nguyenthuan_62951_14875377_hill.py":"nguyenthuan_62951_14875377_hill.py-nguyenthuan_62951_14875534_genetic-2.py.json","ashrafrayyan_42996_14874019_genetic-2.py":"nguyenthuan_62951_14875534_genetic-2.py-ashrafrayyan_42996_14874019_genetic-2.py.json","ashrafrayyan_42996_14874020_hill-2.py":"ashrafrayyan_42996_14874020_hill-2.py-nguyenthuan_62951_14875534_genetic-2.py.json"},"melgarfrancisco_44172_14867759_generic.py":{"chimvichet_33675_14871482_genetic.py":"melgarfrancisco_44172_14867759_generic.py-chimvichet_33675_14871482_genetic.py.json","melgarfrancisco_44172_14867760_hill.py":"melgarfrancisco_44172_14867760_hill.py-melgarfrancisco_44172_14867759_generic.py.json"},"huynhdylan_32351_14873929_hill.py":{"huynhdylan_32351_14873928_genetic.py":"huynhdylan_32351_14873929_hill.py-huynhdylan_32351_14873928_genetic.py.json"},"ortizbacaluis_31190_14866218_hill.py":{"anayabriant_43550_14831483_hill.py":"ortizbacaluis_31190_14866218_hill.py-anayabriant_43550_14831483_hill.py.json","nguyenkiet_34640_14874480_hill-1.py":"ortizbacaluis_31190_14866218_hill.py-nguyenkiet_34640_14874480_hill-1.py.json","ortizbacaluis_31190_14866216_genetic.py":"ortizbacaluis_31190_14866218_hill.py-ortizbacaluis_31190_14866216_genetic.py.json"},"dangtrevor_42745_14874484_hill.py":{"eskridgematthew_35507_14886954_genetic-LATE.py":"eskridgematthew_35507_14886954_genetic-LATE.py-dangtrevor_42745_14874484_hill.py.json","nguyenthuan_62951_14875377_hill.py":"nguyenthuan_62951_14875377_hill.py-dangtrevor_42745_14874484_hill.py.json","maganacesar_17599_14875592_hill-1.py":"maganacesar_17599_14875592_hill-1.py-dangtrevor_42745_14874484_hill.py.json","maganacesar_17599_14875589_genetic-1.py":"dangtrevor_42745_14874484_hill.py-maganacesar_17599_14875589_genetic-1.py.json","hallsteven_8826_14863731_hill.py":"hallsteven_8826_14863731_hill.py-dangtrevor_42745_14874484_hill.py.json","zhaohongliang_54111_14869791_hill.py":"dangtrevor_42745_14874484_hill.py-zhaohongliang_54111_14869791_hill.py.json","angelaidantristen_26559_14863922_hill.py":"angelaidantristen_26559_14863922_hill.py-dangtrevor_42745_14874484_hill.py.json","angelaidantristen_26559_14863921_genetic.py":"dangtrevor_42745_14874484_hill.py-angelaidantristen_26559_14863921_genetic.py.json","ashrafrayyan_42996_14874020_hill-2.py":"ashrafrayyan_42996_14874020_hill-2.py-dangtrevor_42745_14874484_hill.py.json","ruebsamenhunter_42818_14840014_hill.py":"ruebsamenhunter_42818_14840014_hill.py-dangtrevor_42745_14874484_hill.py.json","board.py":"board.py-dangtrevor_42745_14874484_hill.py.json","lathsamnang_40690_14869063_hill.py":"lathsamnang_40690_14869063_hill.py-dangtrevor_42745_14874484_hill.py.json","dangtrevor_42745_14874483_genetic.py":"dangtrevor_42745_14874484_hill.py-dangtrevor_42745_14874483_genetic.py.json","eskridgematthew_35507_14886953_hill-LATE.py":"eskridgematthew_35507_14886953_hill-LATE.py-dangtrevor_42745_14874484_hill.py.json"},"hoangalex_46866_14868768_genetic.py":{"hoangalex_46866_14868763_hill.py":"hoangalex_46866_14868763_hill.py-hoangalex_46866_14868768_genetic.py.json","jinalvin_32921_14866679_genetic-1.py":"jinalvin_32921_14866679_genetic-1.py-hoangalex_46866_14868768_genetic.py.json"},"hoangalex_46866_14868763_hill.py":{"hoangalex_46866_14868768_genetic.py":"hoangalex_46866_14868763_hill.py-hoangalex_46866_14868768_genetic.py.json"},"steerkate_29295_14837555_hill.py":{"tangmanting_62858_14874192_hill-1.py":"steerkate_29295_14837555_hill.py-tangmanting_62858_14874192_hill-1.py.json"},"nguyenkatelynn_51984_14875663_genetic.py":{"askamjoshua_52582_14867173_genetic-3.py":"askamjoshua_52582_14867173_genetic-3.py-nguyenkatelynn_51984_14875663_genetic.py.json","trankayla_23296_14876312_genetic-LATE.py":"trankayla_23296_14876312_genetic-LATE.py-nguyenkatelynn_51984_14875663_genetic.py.json"},"whitcombjacob_29528_14873366_genetic.py":{"whitcombjacob_29528_14873365_hill.py":"whitcombjacob_29528_14873365_hill.py-whitcombjacob_29528_14873366_genetic.py.json"},"nguyentuan_38579_14868151_genetic.py":{"nguyentuan_38579_14868152_hill.py":"nguyentuan_38579_14868152_hill.py-nguyentuan_38579_14868151_genetic.py.json"},"huynhdylan_32351_14873928_genetic.py":{"huynhdylan_32351_14873929_hill.py":"huynhdylan_32351_14873929_hill.py-huynhdylan_32351_14873928_genetic.py.json"}},"failed_submission_names":[],"excluded_files":[],"match_sensitivity":12,"date_of_execution":"26/02/24","execution_time":781,"metrics":[{"name":"AVG","distribution":[0,0,0,0,0,0,1,21,103,4246],"topComparisons":[{"first_submission":"trankayla_23296_14876313_hill-LATE.py","second_submission":"nguyenthuan_62951_14875377_hill.py","similarity":0.32748538011695905},{"first_submission":"lathsamnang_40690_14869063_hill.py","second_submission":"dangtrevor_42745_14874484_hill.py","similarity":0.2897196261682243},{"first_submission":"huynhdylan_32351_14873929_hill.py","second_submission":"huynhdylan_32351_14873928_genetic.py","similarity":0.28888888888888886},{"first_submission":"eskridgematthew_35507_14886954_genetic-LATE.py","second_submission":"dangtrevor_42745_14874484_hill.py","similarity":0.2857142857142857},{"first_submission":"eskridgematthew_35507_14886953_hill-LATE.py","second_submission":"pacinimarco_28404_14832876_hill-1.py","similarity":0.2823529411764706},{"first_submission":"lopezalex_26289_14853350_hill.py","second_submission":"lopezalex_26289_14853349_genetic.py","similarity":0.27424749163879597},{"first_submission":"trankayla_23296_14876312_genetic-LATE.py","second_submission":"nguyenkatelynn_51984_14875663_genetic.py","similarity":0.2578512396694215},{"first_submission":"askamjoshua_52582_14867175_hill-1.py","second_submission":"askamjoshua_52582_14867173_genetic-3.py","similarity":0.24102564102564103},{"first_submission":"ortizbacaluis_31190_14866218_hill.py","second_submission":"anayabriant_43550_14831483_hill.py","similarity":0.2346368715083799},{"first_submission":"eskridgematthew_35507_14886953_hill-LATE.py","second_submission":"nguyenthuan_62951_14875377_hill.py","similarity":0.2345679012345679},{"first_submission":"maganacesar_17599_14875592_hill-1.py","second_submission":"maganacesar_17599_14875589_genetic-1.py","similarity":0.23333333333333334},{"first_submission":"angelaidantristen_26559_14863922_hill.py","second_submission":"dangtrevor_42745_14874484_hill.py","similarity":0.2328767123287671},{"first_submission":"ashrafrayyan_42996_14874020_hill-2.py","second_submission":"dangtrevor_42745_14874484_hill.py","similarity":0.23157894736842105},{"first_submission":"angelaidantristen_26559_14863922_hill.py","second_submission":"eskridgematthew_35507_14886953_hill-LATE.py","similarity":0.23008849557522124},{"first_submission":"hosingloyeric_42717_14874616_hill.py","second_submission":"pacinimarco_28404_14832876_hill-1.py","similarity":0.2247191011235955},{"first_submission":"nguyenthanh_29352_14862401_hill.py","second_submission":"nguyenthanh_29352_14862400_genetic.py","similarity":0.2242152466367713},{"first_submission":"hoangalex_46866_14868763_hill.py","second_submission":"hoangalex_46866_14868768_genetic.py","similarity":0.22162162162162163},{"first_submission":"eskridgematthew_35507_14886953_hill-LATE.py","second_submission":"eskridgematthew_35507_14886954_genetic-LATE.py","similarity":0.21468926553672316},{"first_submission":"eskridgematthew_35507_14886954_genetic-LATE.py","second_submission":"nguyenthuan_62951_14875534_genetic-2.py","similarity":0.2119815668202765},{"first_submission":"angelaidantristen_26559_14863922_hill.py","second_submission":"ruebsamenhunter_42818_14840014_hill.py","similarity":0.2033898305084746},{"first_submission":"angelaidantristen_26559_14863922_hill.py","second_submission":"angelaidantristen_26559_14863921_genetic.py","similarity":0.20125786163522014},{"first_submission":"dangtrevor_42745_14874484_hill.py","second_submission":"dangtrevor_42745_14874483_genetic.py","similarity":0.20077220077220076},{"first_submission":"eskridgematthew_35507_14886953_hill-LATE.py","second_submission":"dangtrevor_42745_14874484_hill.py","similarity":0.19672131147540983},{"first_submission":"steerkate_29295_14837555_hill.py","second_submission":"tangmanting_62858_14874192_hill-1.py","similarity":0.19480519480519481},{"first_submission":"whitcombjacob_29528_14873365_hill.py","second_submission":"whitcombjacob_29528_14873366_genetic.py","similarity":0.18867924528301888},{"first_submission":"angelaidantristen_26559_14863922_hill.py","second_submission":"eskridgematthew_35507_14886954_genetic-LATE.py","similarity":0.18571428571428572},{"first_submission":"panderick_63265_14840418_hill.py","second_submission":"tessemabesufekad_42850_14875193_hill.py","similarity":0.18543046357615894},{"first_submission":"romerosilvano_61824_14864079_hill.py","second_submission":"romerosilvano_61824_14864080_genetic.py","similarity":0.18181818181818182},{"first_submission":"angelaidantristen_26559_14863922_hill.py","second_submission":"dangtrevor_42745_14874483_genetic.py","similarity":0.17989417989417988},{"first_submission":"eskridgematthew_35507_14886953_hill-LATE.py","second_submission":"anayabriant_43550_14831483_hill.py","similarity":0.1797752808988764},{"first_submission":"nguyenthuan_62951_14875377_hill.py","second_submission":"board.py","similarity":0.17777777777777778},{"first_submission":"lyalex_36345_14873974_hill.py","second_submission":"lyalex_36345_14873976_genetic.py","similarity":0.1735159817351598},{"first_submission":"board.py","second_submission":"dangtrevor_42745_14874484_hill.py","similarity":0.1691542288557214},{"first_submission":"maraaidan_55856_14854392_hill-5.py","second_submission":"maraaidan_55856_14854391_genetic-4.py","similarity":0.16611295681063123},{"first_submission":"fisherjustin_55157_14870356_hill.py","second_submission":"fisherjustin_55157_14870357_genetic.py","similarity":0.16314199395770393},{"first_submission":"ashrafrayyan_42996_14874019_genetic-2.py","second_submission":"ruebsamenhunter_42818_14840015_genetic.py","similarity":0.16231884057971013},{"first_submission":"ortizbacaluis_31190_14866218_hill.py","second_submission":"nguyenkiet_34640_14874480_hill-1.py","similarity":0.16091954022988506},{"first_submission":"pacinimarco_28404_14832876_hill-1.py","second_submission":"contrerasgiovanni_11765_14873816_hill.py","similarity":0.16080402010050251},{"first_submission":"tangmanting_62858_14874192_hill-1.py","second_submission":"hosingloyeric_42717_14874616_hill.py","similarity":0.15950920245398773},{"first_submission":"eskridgematthew_35507_14886953_hill-LATE.py","second_submission":"dangtrevor_42745_14874483_genetic.py","similarity":0.1592920353982301},{"first_submission":"panderick_63265_14840418_hill.py","second_submission":"anayabriant_43550_14831483_hill.py","similarity":0.1590909090909091},{"first_submission":"lopezalex_26289_14853350_hill.py","second_submission":"whitcombjacob_29528_14873365_hill.py","similarity":0.15873015873015872},{"first_submission":"nguyenthuan_62951_14875377_hill.py","second_submission":"nguyenthuan_62951_14875534_genetic-2.py","similarity":0.15841584158415842},{"first_submission":"nguyenkatelynn_51984_14875648_hill.py","second_submission":"delgadodiego_56969_14849156_genetic.py","similarity":0.15819209039548024},{"first_submission":"nguyenthuan_62951_14875377_hill.py","second_submission":"dangtrevor_42745_14874484_hill.py","similarity":0.15384615384615385},{"first_submission":"hallsteven_8826_14863731_hill.py","second_submission":"zhaohongliang_54111_14869791_hill.py","similarity":0.1523809523809524},{"first_submission":"eskridgematthew_35507_14886953_hill-LATE.py","second_submission":"hosingloyeric_42717_14874616_hill.py","similarity":0.1518987341772152},{"first_submission":"vegaalexander_33484_14874900_hill.py","second_submission":"nguyenkatelynn_51984_14875648_hill.py","similarity":0.15151515151515152},{"first_submission":"panderick_63265_14840418_hill.py","second_submission":"hallsteven_8826_14863731_hill.py","similarity":0.1509433962264151},{"first_submission":"maganacesar_17599_14875592_hill-1.py","second_submission":"dangtrevor_42745_14874484_hill.py","similarity":0.15},{"first_submission":"romerosilvano_61824_14864079_hill.py","second_submission":"delgadodiego_56969_14849153_hill.py","similarity":0.14746543778801843},{"first_submission":"lyalex_36345_14873974_hill.py","second_submission":"ashrafrayyan_42996_14874020_hill-2.py","similarity":0.147239263803681},{"first_submission":"hallsteven_8826_14863731_hill.py","second_submission":"board.py","similarity":0.1452513966480447},{"first_submission":"hosingloyeric_42717_14874616_hill.py","second_submission":"zhaohongliang_54111_14869791_hill.py","similarity":0.14492753623188406},{"first_submission":"melgarfrancisco_44172_14867760_hill.py","second_submission":"pacinimarco_28404_14832876_hill-1.py","similarity":0.1437125748502994},{"first_submission":"lopezalex_26289_14853350_hill.py","second_submission":"askamjoshua_52582_14867175_hill-1.py","similarity":0.143646408839779},{"first_submission":"melgarfrancisco_44172_14867759_generic.py","second_submission":"chimvichet_33675_14871482_genetic.py","similarity":0.14285714285714285},{"first_submission":"eskridgematthew_35507_14886954_genetic-LATE.py","second_submission":"dangtrevor_42745_14874483_genetic.py","similarity":0.1422924901185771},{"first_submission":"nguyenthuan_62951_14875377_hill.py","second_submission":"fisherjustin_55157_14870356_hill.py","similarity":0.14207650273224043},{"first_submission":"nguyenkiet_34640_14874480_hill-1.py","second_submission":"jinalvin_32921_14866680_hill-1.py","similarity":0.1414141414141414},{"first_submission":"delgadodiego_56969_14849153_hill.py","second_submission":"delgadodiego_56969_14849156_genetic.py","similarity":0.14054054054054055},{"first_submission":"romerosilvano_61824_14864079_hill.py","second_submission":"nguyenkatelynn_51984_14875648_hill.py","similarity":0.13930348258706468},{"first_submission":"nguyenkiet_34640_14874480_hill-1.py","second_submission":"anayabriant_43550_14831483_hill.py","similarity":0.13930348258706468},{"first_submission":"tangmanting_62858_14874194_genetic-2.py","second_submission":"jinalvin_32921_14866679_genetic-1.py","similarity":0.13846153846153847},{"first_submission":"dangtrevor_42745_14874484_hill.py","second_submission":"zhaohongliang_54111_14869791_hill.py","similarity":0.13793103448275862},{"first_submission":"nguyenkatelynn_51984_14875648_hill.py","second_submission":"delgadodiego_56969_14849153_hill.py","similarity":0.13675213675213677},{"first_submission":"pacinimarco_28404_14832877_genetic-1.py","second_submission":"zhaohongliang_54111_14869794_genetic.py","similarity":0.13533834586466165},{"first_submission":"eskridgematthew_35507_14886953_hill-LATE.py","second_submission":"contrerasgiovanni_11765_14873816_hill.py","similarity":0.1340782122905028},{"first_submission":"hallsteven_8826_14863731_hill.py","second_submission":"dangtrevor_42745_14874484_hill.py","similarity":0.13402061855670103},{"first_submission":"eskridgematthew_35507_14886953_hill-LATE.py","second_submission":"angelaidantristen_26559_14863921_genetic.py","similarity":0.1326530612244898},{"first_submission":"hosingloyeric_42717_14874616_hill.py","second_submission":"nguyenthuan_62951_14875534_genetic-2.py","similarity":0.13131313131313133},{"first_submission":"ashrafrayyan_42996_14874020_hill-2.py","second_submission":"eskridgematthew_35507_14886954_genetic-LATE.py","similarity":0.13043478260869565},{"first_submission":"trankayla_23296_14876313_hill-LATE.py","second_submission":"jinalvin_32921_14866680_hill-1.py","similarity":0.13043478260869565},{"first_submission":"lyalex_36345_14873974_hill.py","second_submission":"contrerasgiovanni_11765_14873816_hill.py","similarity":0.12972972972972974},{"first_submission":"melgarfrancisco_44172_14867760_hill.py","second_submission":"melgarfrancisco_44172_14867759_generic.py","similarity":0.12871287128712872},{"first_submission":"lyalex_36345_14873974_hill.py","second_submission":"lathsamnang_40690_14869063_hill.py","similarity":0.12834224598930483},{"first_submission":"nguyenthuan_62951_14875377_hill.py","second_submission":"jinalvin_32921_14866680_hill-1.py","similarity":0.12834224598930483},{"first_submission":"hosingloyeric_42717_14874616_hill.py","second_submission":"contrerasgiovanni_11765_14873816_hill.py","similarity":0.12834224598930483},{"first_submission":"ruebsamenhunter_42818_14840014_hill.py","second_submission":"dangtrevor_42745_14874484_hill.py","similarity":0.1276595744680851},{"first_submission":"ashrafrayyan_42996_14874020_hill-2.py","second_submission":"lathsamnang_40690_14869063_hill.py","similarity":0.1276595744680851},{"first_submission":"chimvichet_33675_14871481_hill.py","second_submission":"gordillocarine_28482_14873648_hill.py","similarity":0.12698412698412698},{"first_submission":"romerosilvano_61824_14864079_hill.py","second_submission":"nguyentuan_38579_14868152_hill.py","similarity":0.12631578947368421},{"first_submission":"ashrafrayyan_42996_14874020_hill-2.py","second_submission":"delgadodiego_56969_14849153_hill.py","similarity":0.12560386473429952},{"first_submission":"vegaalexander_33484_14874900_hill.py","second_submission":"anayabriant_43550_14831483_hill.py","similarity":0.125},{"first_submission":"ashrafrayyan_42996_14874020_hill-2.py","second_submission":"ajitsharvay_23484_14874557_hill.py","similarity":0.12396694214876033},{"first_submission":"maganacesar_17599_14875592_hill-1.py","second_submission":"dangtrevor_42745_14874483_genetic.py","similarity":0.12345679012345678},{"first_submission":"dangtrevor_42745_14874484_hill.py","second_submission":"angelaidantristen_26559_14863921_genetic.py","similarity":0.1222707423580786},{"first_submission":"nguyentuan_38579_14868152_hill.py","second_submission":"nguyentuan_38579_14868151_genetic.py","similarity":0.12206572769953052},{"first_submission":"panderick_63265_14840418_hill.py","second_submission":"zhaohongliang_54111_14869791_hill.py","similarity":0.1218274111675127},{"first_submission":"ashrafrayyan_42996_14874020_hill-2.py","second_submission":"nguyenthuan_62951_14875534_genetic-2.py","similarity":0.1218274111675127},{"first_submission":"gordillocarine_28482_14873648_hill.py","second_submission":"morenodaniel_31442_14867137_hill.py","similarity":0.12093023255813953},{"first_submission":"nguyenthuan_62951_14875534_genetic-2.py","second_submission":"ashrafrayyan_42996_14874019_genetic-2.py","similarity":0.12},{"first_submission":"jaimealexis_73469_14871350_hill.py","second_submission":"jaimealexis_73469_14871351_genetic.py","similarity":0.12},{"first_submission":"board.py","second_submission":"zhaohongliang_54111_14869791_hill.py","similarity":0.11981566820276497},{"first_submission":"jinalvin_32921_14866679_genetic-1.py","second_submission":"hoangalex_46866_14868768_genetic.py","similarity":0.11894273127753303},{"first_submission":"ortizbacaluis_31190_14866218_hill.py","second_submission":"ortizbacaluis_31190_14866216_genetic.py","similarity":0.11764705882352941},{"first_submission":"dangtrevor_42745_14874484_hill.py","second_submission":"maganacesar_17599_14875589_genetic-1.py","similarity":0.1171875},{"first_submission":"askamjoshua_52582_14867173_genetic-3.py","second_submission":"nguyenkatelynn_51984_14875663_genetic.py","similarity":0.11707317073170732},{"first_submission":"eskridgematthew_35507_14886954_genetic-LATE.py","second_submission":"angelaidantristen_26559_14863921_genetic.py","similarity":0.11659192825112108},{"first_submission":"lyalex_36345_14873974_hill.py","second_submission":"delgadodiego_56969_14849153_hill.py","similarity":0.11650485436893204}],"description":"Average of both program coverages. This is the default similarity which works in most cases: Matches with a high average similarity indicate that the programs work in a very similar way."},{"name":"MAX","distribution":[0,0,0,0,1,5,9,24,173,4159],"topComparisons":[{"first_submission":"lopezalex_26289_14853350_hill.py","second_submission":"lopezalex_26289_14853349_genetic.py","similarity":0.5061728395061729},{"first_submission":"askamjoshua_52582_14867175_hill-1.py","second_submission":"askamjoshua_52582_14867173_genetic-3.py","similarity":0.47},{"first_submission":"angelaidantristen_26559_14863922_hill.py","second_submission":"dangtrevor_42745_14874484_hill.py","similarity":0.4473684210526316},{"first_submission":"angelaidantristen_26559_14863922_hill.py","second_submission":"dangtrevor_42745_14874483_genetic.py","similarity":0.4473684210526316},{"first_submission":"huynhdylan_32351_14873929_hill.py","second_submission":"huynhdylan_32351_14873928_genetic.py","similarity":0.42207792207792205},{"first_submission":"angelaidantristen_26559_14863922_hill.py","second_submission":"angelaidantristen_26559_14863921_genetic.py","similarity":0.42105263157894735},{"first_submission":"nguyenthanh_29352_14862401_hill.py","second_submission":"nguyenthanh_29352_14862400_genetic.py","similarity":0.3937007874015748},{"first_submission":"romerosilvano_61824_14864079_hill.py","second_submission":"romerosilvano_61824_14864080_genetic.py","similarity":0.3695652173913043},{"first_submission":"angelaidantristen_26559_14863922_hill.py","second_submission":"eskridgematthew_35507_14886953_hill-LATE.py","similarity":0.34210526315789475},{"first_submission":"angelaidantristen_26559_14863922_hill.py","second_submission":"eskridgematthew_35507_14886954_genetic-LATE.py","similarity":0.34210526315789475},{"first_submission":"trankayla_23296_14876313_hill-LATE.py","second_submission":"nguyenthuan_62951_14875377_hill.py","similarity":0.3333333333333333},{"first_submission":"eskridgematthew_35507_14886953_hill-LATE.py","second_submission":"pacinimarco_28404_14832876_hill-1.py","similarity":0.32},{"first_submission":"angelaidantristen_26559_14863922_hill.py","second_submission":"ruebsamenhunter_42818_14840014_hill.py","similarity":0.3157894736842105},{"first_submission":"maganacesar_17599_14875592_hill-1.py","second_submission":"maganacesar_17599_14875589_genetic-1.py","similarity":0.30434782608695654},{"first_submission":"hoangalex_46866_14868763_hill.py","second_submission":"hoangalex_46866_14868768_genetic.py","similarity":0.3037037037037037},{"first_submission":"eskridgematthew_35507_14886954_genetic-LATE.py","second_submission":"dangtrevor_42745_14874484_hill.py","similarity":0.29411764705882354},{"first_submission":"lathsamnang_40690_14869063_hill.py","second_submission":"dangtrevor_42745_14874484_hill.py","similarity":0.29245283018867924},{"first_submission":"fisherjustin_55157_14870356_hill.py","second_submission":"fisherjustin_55157_14870357_genetic.py","similarity":0.28125},{"first_submission":"trankayla_23296_14876312_genetic-LATE.py","second_submission":"nguyenkatelynn_51984_14875663_genetic.py","similarity":0.2785714285714286},{"first_submission":"whitcombjacob_29528_14873365_hill.py","second_submission":"whitcombjacob_29528_14873366_genetic.py","similarity":0.2777777777777778},{"first_submission":"ortizbacaluis_31190_14866218_hill.py","second_submission":"anayabriant_43550_14831483_hill.py","similarity":0.27631578947368424},{"first_submission":"ashrafrayyan_42996_14874020_hill-2.py","second_submission":"dangtrevor_42745_14874484_hill.py","similarity":0.2682926829268293},{"first_submission":"nguyenkatelynn_51984_14875648_hill.py","second_submission":"delgadodiego_56969_14849156_genetic.py","similarity":0.25688073394495414},{"first_submission":"eskridgematthew_35507_14886953_hill-LATE.py","second_submission":"nguyenthuan_62951_14875377_hill.py","similarity":0.25333333333333335},{"first_submission":"eskridgematthew_35507_14886953_hill-LATE.py","second_submission":"eskridgematthew_35507_14886954_genetic-LATE.py","similarity":0.25333333333333335},{"first_submission":"hosingloyeric_42717_14874616_hill.py","second_submission":"pacinimarco_28404_14832876_hill-1.py","similarity":0.24096385542168675},{"first_submission":"dangtrevor_42745_14874484_hill.py","second_submission":"dangtrevor_42745_14874483_genetic.py","similarity":0.24074074074074073},{"first_submission":"eskridgematthew_35507_14886953_hill-LATE.py","second_submission":"dangtrevor_42745_14874484_hill.py","similarity":0.24},{"first_submission":"eskridgematthew_35507_14886953_hill-LATE.py","second_submission":"dangtrevor_42745_14874483_genetic.py","similarity":0.24},{"first_submission":"lyalex_36345_14873974_hill.py","second_submission":"lyalex_36345_14873976_genetic.py","similarity":0.2345679012345679},{"first_submission":"maraaidan_55856_14854392_hill-5.py","second_submission":"maraaidan_55856_14854391_genetic-4.py","similarity":0.22935779816513763},{"first_submission":"eskridgematthew_35507_14886954_genetic-LATE.py","second_submission":"nguyenthuan_62951_14875534_genetic-2.py","similarity":0.22549019607843138},{"first_submission":"eskridgematthew_35507_14886953_hill-LATE.py","second_submission":"anayabriant_43550_14831483_hill.py","similarity":0.21333333333333335},{"first_submission":"delgadodiego_56969_14849153_hill.py","second_submission":"delgadodiego_56969_14849156_genetic.py","similarity":0.208},{"first_submission":"ashrafrayyan_42996_14874019_genetic-2.py","second_submission":"ruebsamenhunter_42818_14840015_genetic.py","similarity":0.2074074074074074},{"first_submission":"steerkate_29295_14837555_hill.py","second_submission":"tangmanting_62858_14874192_hill-1.py","similarity":0.20270270270270271},{"first_submission":"panderick_63265_14840418_hill.py","second_submission":"tessemabesufekad_42850_14875193_hill.py","similarity":0.1917808219178082},{"first_submission":"panderick_63265_14840418_hill.py","second_submission":"anayabriant_43550_14831483_hill.py","similarity":0.1917808219178082},{"first_submission":"hallsteven_8826_14863731_hill.py","second_submission":"zhaohongliang_54111_14869791_hill.py","similarity":0.18604651162790697},{"first_submission":"lopezalex_26289_14853350_hill.py","second_submission":"whitcombjacob_29528_14873365_hill.py","similarity":0.18518518518518517},{"first_submission":"melgarfrancisco_44172_14867759_generic.py","second_submission":"chimvichet_33675_14871482_genetic.py","similarity":0.18461538461538463},{"first_submission":"ortizbacaluis_31190_14866218_hill.py","second_submission":"nguyenkiet_34640_14874480_hill-1.py","similarity":0.18421052631578946},{"first_submission":"nguyenthuan_62951_14875377_hill.py","second_submission":"board.py","similarity":0.1839080459770115},{"first_submission":"nguyenthuan_62951_14875377_hill.py","second_submission":"nguyenthuan_62951_14875534_genetic-2.py","similarity":0.1839080459770115},{"first_submission":"ashrafrayyan_42996_14874020_hill-2.py","second_submission":"ajitsharvay_23484_14874557_hill.py","similarity":0.18292682926829268},{"first_submission":"board.py","second_submission":"dangtrevor_42745_14874484_hill.py","similarity":0.1827956989247312},{"first_submission":"hosingloyeric_42717_14874616_hill.py","second_submission":"zhaohongliang_54111_14869791_hill.py","similarity":0.18072289156626506},{"first_submission":"melgarfrancisco_44172_14867760_hill.py","second_submission":"melgarfrancisco_44172_14867759_generic.py","similarity":0.18055555555555555},{"first_submission":"eskridgematthew_35507_14886954_genetic-LATE.py","second_submission":"dangtrevor_42745_14874483_genetic.py","similarity":0.17647058823529413},{"first_submission":"romerosilvano_61824_14864079_hill.py","second_submission":"delgadodiego_56969_14849153_hill.py","similarity":0.17391304347826086},{"first_submission":"eskridgematthew_35507_14886953_hill-LATE.py","second_submission":"angelaidantristen_26559_14863921_genetic.py","similarity":0.17333333333333334},{"first_submission":"nguyenthuan_62951_14875377_hill.py","second_submission":"dangtrevor_42745_14874484_hill.py","similarity":0.1724137931034483},{"first_submission":"ortizbacaluis_31190_14866218_hill.py","second_submission":"ortizbacaluis_31190_14866216_genetic.py","similarity":0.17105263157894737},{"first_submission":"vegaalexander_33484_14874900_hill.py","second_submission":"nguyenkatelynn_51984_14875648_hill.py","similarity":0.16853932584269662},{"first_submission":"pacinimarco_28404_14832876_hill-1.py","second_submission":"contrerasgiovanni_11765_14873816_hill.py","similarity":0.16842105263157894},{"first_submission":"melgarfrancisco_44172_14867760_hill.py","second_submission":"pacinimarco_28404_14832876_hill-1.py","similarity":0.16666666666666666},{"first_submission":"panderick_63265_14840418_hill.py","second_submission":"hallsteven_8826_14863731_hill.py","similarity":0.1643835616438356},{"first_submission":"panderick_63265_14840418_hill.py","second_submission":"zhaohongliang_54111_14869791_hill.py","similarity":0.1643835616438356},{"first_submission":"maganacesar_17599_14875592_hill-1.py","second_submission":"dangtrevor_42745_14874484_hill.py","similarity":0.16304347826086957},{"first_submission":"maganacesar_17599_14875592_hill-1.py","second_submission":"dangtrevor_42745_14874483_genetic.py","similarity":0.16304347826086957},{"first_submission":"tangmanting_62858_14874192_hill-1.py","second_submission":"hosingloyeric_42717_14874616_hill.py","similarity":0.1625},{"first_submission":"lopezalex_26289_14853350_hill.py","second_submission":"askamjoshua_52582_14867175_hill-1.py","similarity":0.16049382716049382},{"first_submission":"eskridgematthew_35507_14886953_hill-LATE.py","second_submission":"hosingloyeric_42717_14874616_hill.py","similarity":0.16},{"first_submission":"eskridgematthew_35507_14886953_hill-LATE.py","second_submission":"contrerasgiovanni_11765_14873816_hill.py","similarity":0.16},{"first_submission":"ashrafrayyan_42996_14874020_hill-2.py","second_submission":"delgadodiego_56969_14849153_hill.py","similarity":0.15853658536585366},{"first_submission":"tangmanting_62858_14874194_genetic-2.py","second_submission":"jinalvin_32921_14866679_genetic-1.py","similarity":0.15789473684210525},{"first_submission":"hosingloyeric_42717_14874616_hill.py","second_submission":"nguyenthuan_62951_14875534_genetic-2.py","similarity":0.1566265060240964},{"first_submission":"romerosilvano_61824_14864079_hill.py","second_submission":"nguyenkatelynn_51984_14875648_hill.py","similarity":0.15217391304347827},{"first_submission":"hallsteven_8826_14863731_hill.py","second_submission":"board.py","similarity":0.1511627906976744},{"first_submission":"hallsteven_8826_14863731_hill.py","second_submission":"dangtrevor_42745_14874484_hill.py","similarity":0.1511627906976744},{"first_submission":"pacinimarco_28404_14832877_genetic-1.py","second_submission":"zhaohongliang_54111_14869794_genetic.py","similarity":0.15},{"first_submission":"ruebsamenhunter_42818_14840014_hill.py","second_submission":"dangtrevor_42745_14874484_hill.py","similarity":0.15},{"first_submission":"nguyenthuan_62951_14875377_hill.py","second_submission":"fisherjustin_55157_14870356_hill.py","similarity":0.14942528735632185},{"first_submission":"lyalex_36345_14873974_hill.py","second_submission":"ashrafrayyan_42996_14874020_hill-2.py","similarity":0.14814814814814814},{"first_submission":"dangtrevor_42745_14874484_hill.py","second_submission":"zhaohongliang_54111_14869791_hill.py","similarity":0.14814814814814814},{"first_submission":"lyalex_36345_14873974_hill.py","second_submission":"contrerasgiovanni_11765_14873816_hill.py","similarity":0.14814814814814814},{"first_submission":"lyalex_36345_14873974_hill.py","second_submission":"lathsamnang_40690_14869063_hill.py","similarity":0.14814814814814814},{"first_submission":"lyalex_36345_14873974_hill.py","second_submission":"delgadodiego_56969_14849153_hill.py","similarity":0.14814814814814814},{"first_submission":"nguyenkatelynn_51984_14875648_hill.py","second_submission":"delgadodiego_56969_14849153_hill.py","similarity":0.14678899082568808},{"first_submission":"ashrafrayyan_42996_14874020_hill-2.py","second_submission":"eskridgematthew_35507_14886954_genetic-LATE.py","similarity":0.14634146341463414},{"first_submission":"ashrafrayyan_42996_14874020_hill-2.py","second_submission":"lathsamnang_40690_14869063_hill.py","similarity":0.14634146341463414},{"first_submission":"ashrafrayyan_42996_14874020_hill-2.py","second_submission":"nguyenthuan_62951_14875534_genetic-2.py","similarity":0.14634146341463414},{"first_submission":"jaimealexis_73469_14871350_hill.py","second_submission":"jaimealexis_73469_14871351_genetic.py","similarity":0.14563106796116504},{"first_submission":"hosingloyeric_42717_14874616_hill.py","second_submission":"contrerasgiovanni_11765_14873816_hill.py","similarity":0.14457831325301204},{"first_submission":"nguyenkiet_34640_14874480_hill-1.py","second_submission":"jinalvin_32921_14866680_hill-1.py","similarity":0.14285714285714285},{"first_submission":"nguyenkiet_34640_14874480_hill-1.py","second_submission":"anayabriant_43550_14831483_hill.py","similarity":0.14285714285714285},{"first_submission":"trankayla_23296_14876313_hill-LATE.py","second_submission":"jinalvin_32921_14866680_hill-1.py","similarity":0.14285714285714285},{"first_submission":"board.py","second_submission":"zhaohongliang_54111_14869791_hill.py","similarity":0.13978494623655913},{"first_submission":"dangtrevor_42745_14874484_hill.py","second_submission":"maganacesar_17599_14875589_genetic-1.py","similarity":0.1388888888888889},{"first_submission":"nguyenthuan_62951_14875377_hill.py","second_submission":"jinalvin_32921_14866680_hill-1.py","similarity":0.13793103448275862},{"first_submission":"vegaalexander_33484_14874900_hill.py","second_submission":"anayabriant_43550_14831483_hill.py","similarity":0.1348314606741573},{"first_submission":"chimvichet_33675_14871481_hill.py","second_submission":"gordillocarine_28482_14873648_hill.py","similarity":0.13333333333333333},{"first_submission":"nguyentuan_38579_14868152_hill.py","second_submission":"nguyentuan_38579_14868151_genetic.py","similarity":0.1326530612244898},{"first_submission":"gordillocarine_28482_14873648_hill.py","second_submission":"morenodaniel_31442_14867137_hill.py","similarity":0.13131313131313133},{"first_submission":"romerosilvano_61824_14864079_hill.py","second_submission":"nguyentuan_38579_14868152_hill.py","similarity":0.13043478260869565},{"first_submission":"nguyenthuan_62951_14875534_genetic-2.py","second_submission":"ashrafrayyan_42996_14874019_genetic-2.py","similarity":0.13043478260869565},{"first_submission":"dangtrevor_42745_14874484_hill.py","second_submission":"angelaidantristen_26559_14863921_genetic.py","similarity":0.12962962962962962},{"first_submission":"eskridgematthew_35507_14886954_genetic-LATE.py","second_submission":"angelaidantristen_26559_14863921_genetic.py","similarity":0.12745098039215685},{"first_submission":"askamjoshua_52582_14867173_genetic-3.py","second_submission":"nguyenkatelynn_51984_14875663_genetic.py","similarity":0.12413793103448276},{"first_submission":"jinalvin_32921_14866679_genetic-1.py","second_submission":"hoangalex_46866_14868768_genetic.py","similarity":0.1232876712328767}],"description":"Maximum of both program coverages. This ranking is especially useful if the programs are very different in size. This can happen when dead code was inserted to disguise the origin of the plagiarized program."}],"clusters":[{"average_similarity":0.14755455492143277,"strength":0.012870571155148747,"members":["maganacesar_17599_14875592_hill-1.py","maganacesar_17599_14875589_genetic-1.py","angelaidantristen_26559_14863921_genetic.py"]},{"average_similarity":0.16231884057971013,"strength":0.0050737333654993924,"members":["ashrafrayyan_42996_14874019_genetic-2.py","ruebsamenhunter_42818_14840015_genetic.py"]},{"average_similarity":0.044420658282044424,"strength":0.003784407747413619,"members":["ajitsharvay_23484_14874557_hill.py","lathsamnang_40690_14869059_genetic.py","wellsbrody_52745_14855686_genetic.py"]},{"average_similarity":0.05563057974582336,"strength":0.010331245794249915,"members":["maraaidan_55856_14854392_hill-5.py","maraaidan_55856_14854391_genetic-4.py","hosingloyeric_42717_14874617_genetic.py","quezadagabriel_61627_14875613_genetic.py"]},{"average_similarity":0.10008908205629517,"strength":0.009012498820969538,"members":["chimvichet_33675_14871482_genetic.py","chimvichet_33675_14871481_hill.py","gordillocarine_28482_14873648_hill.py"]},{"average_similarity":0.17474810031130186,"strength":0.023766332415713458,"members":["dangtrevor_42745_14874484_hill.py","angelaidantristen_26559_14863922_hill.py","ruebsamenhunter_42818_14840014_hill.py","dangtrevor_42745_14874483_genetic.py"]},{"average_similarity":0.06371266650750353,"strength":0.00573531907648827,"members":["leevictor_61746_14875525_hill.py","kiyunakyle_29164_14913236_hill-3-LATE.py","kiyunakyle_29164_14913237_genetic-3-LATE.py"]},{"average_similarity":0.014787430683918669,"strength":1.0461192235091754E-4,"members":["hoangalex_46866_14868763_hill.py","panderick_63265_14840419_genetic.py","ajitsharvay_23484_14874556_genetic.py"]},{"average_similarity":0.12,"strength":0.0038323713601793965,"members":["jaimealexis_73469_14871350_hill.py","jaimealexis_73469_14871351_genetic.py"]},{"average_similarity":0.09865055584409499,"strength":0.013168315544874777,"members":["lathsamnang_40690_14869063_hill.py","eskridgematthew_35507_14886954_genetic-LATE.py","ashrafrayyan_42996_14874020_hill-2.py","nguyenthuan_62951_14875534_genetic-2.py"]},{"average_similarity":0.17828663144177656,"strength":0.016167924291138957,"members":["ortizbacaluis_31190_14866218_hill.py","anayabriant_43550_14831483_hill.py","nguyenkiet_34640_14874480_hill-1.py"]},{"average_similarity":0.12417086075622659,"strength":0.011683936739021164,"members":["huynhdylan_32351_14873929_hill.py","huynhdylan_32351_14873928_genetic.py","wellsbrody_52745_14855687_hill.py"]},{"average_similarity":0.12206572769953052,"strength":0.003808565382446321,"members":["nguyentuan_38579_14868152_hill.py","nguyentuan_38579_14868151_genetic.py"]},{"average_similarity":0.18543046357615894,"strength":0.005661757047397915,"members":["panderick_63265_14840418_hill.py","tessemabesufekad_42850_14875193_hill.py"]},{"average_similarity":0.13914933907725402,"strength":0.010847046455395484,"members":["board.py","hallsteven_8826_14863731_hill.py","zhaohongliang_54111_14869791_hill.py"]},{"average_similarity":0.11958007945378861,"strength":0.01095452537533114,"members":["nguyenthanh_29352_14862401_hill.py","nguyenthanh_29352_14862400_genetic.py","sorianobrianna_24419_14875352_genetic.py"]},{"average_similarity":0.10801499045226644,"strength":0.009103623292384455,"members":["tangmanting_62858_14874194_genetic-2.py","jinalvin_32921_14866679_genetic-1.py","hallsteven_8826_14863730_genetic.py"]},{"average_similarity":0.0670391061452514,"strength":0.002024883915086496,"members":["morenodaniel_31442_14867137_hill.py","chhorbbryan_35249_14857973_genetic.py"]},{"average_similarity":0.27424749163879597,"strength":0.00828480891593646,"members":["lopezalex_26289_14853350_hill.py","lopezalex_26289_14853349_genetic.py"]},{"average_similarity":0.1803658758095986,"strength":0.02780866888347602,"members":["eskridgematthew_35507_14886953_hill-LATE.py","pacinimarco_28404_14832876_hill-1.py","hosingloyeric_42717_14874616_hill.py","contrerasgiovanni_11765_14873816_hill.py"]},{"average_similarity":0.1735159817351598,"strength":0.005329626705873947,"members":["lyalex_36345_14873974_hill.py","lyalex_36345_14873976_genetic.py"]},{"average_similarity":0.10904836852003467,"strength":0.03102151792211374,"members":["nguyenkatelynn_51984_14875648_hill.py","delgadodiego_56969_14849156_genetic.py","vegaalexander_33484_14874900_hill.py","delgadodiego_56969_14849153_hill.py","nguyenkiet_34640_14874481_genetic-1.py"]},{"average_similarity":0.24102564102564103,"strength":0.006880503599345847,"members":["askamjoshua_52582_14867175_hill-1.py","askamjoshua_52582_14867173_genetic-3.py"]},{"average_similarity":0.16314199395770393,"strength":0.005098639709884967,"members":["fisherjustin_55157_14870356_hill.py","fisherjustin_55157_14870357_genetic.py"]},{"average_similarity":0.2578512396694215,"strength":0.006323942492336316,"members":["trankayla_23296_14876312_genetic-LATE.py","nguyenkatelynn_51984_14875663_genetic.py"]},{"average_similarity":0.18867924528301888,"strength":0.005751796371987432,"members":["whitcombjacob_29528_14873365_hill.py","whitcombjacob_29528_14873366_genetic.py"]},{"average_similarity":0.1954208029049865,"strength":0.01709179423516322,"members":["trankayla_23296_14876313_hill-LATE.py","nguyenthuan_62951_14875377_hill.py","jinalvin_32921_14866680_hill-1.py"]},{"average_similarity":0.08785770103821681,"strength":0.008214826416583124,"members":["steerkate_29295_14837555_hill.py","tangmanting_62858_14874192_hill-1.py","steerkate_29295_14837556_genetic.py"]},{"average_similarity":0.12871287128712872,"strength":0.003918398585891937,"members":["melgarfrancisco_44172_14867760_hill.py","melgarfrancisco_44172_14867759_generic.py"]},{"average_similarity":0.07648811702447546,"strength":0.006613406547423304,"members":["hoangalex_46866_14868768_genetic.py","gordillocarine_28482_14873649_genetic.py","sorianobrianna_24419_14875353_hill.py"]},{"average_similarity":0.18181818181818182,"strength":0.004834038691634965,"members":["romerosilvano_61824_14864079_hill.py","romerosilvano_61824_14864080_genetic.py"]},{"average_similarity":0.041379310344827586,"strength":0.0012456937072678061,"members":["anayabriant_43550_14831482_genetic.py","morenodaniel_31442_14867138_genetic.py"]},{"average_similarity":0.11721289217987586,"strength":0.01029530929357105,"members":["pacinimarco_28404_14832877_genetic-1.py","zhaohongliang_54111_14869794_genetic.py","ortizbacaluis_31190_14866216_genetic.py"]}],"total_comparisons":4371}