{"id1":"tangmanting_62858_14874194_genetic-2.py","id2":"jinalvin_32921_14866679_genetic-1.py","similarity":0.13846153846153847,"matches":[{"file1":"tangmanting_62858_14874194_genetic-2.py\\tangmanting_62858_14874194_genetic-2.py","file2":"jinalvin_32921_14866679_genetic-1.py\\jinalvin_32921_14866679_genetic-1.py","start1":36,"end1":45,"start2":80,"end2":94,"tokens":15},{"file1":"tangmanting_62858_14874194_genetic-2.py\\tangmanting_62858_14874194_genetic-2.py","file2":"jinalvin_32921_14866679_genetic-1.py\\jinalvin_32921_14866679_genetic-1.py","start1":52,"end1":63,"start2":59,"end2":76,"tokens":12}]}