{"id1":"askamjoshua_52582_14867173_genetic-3.py","id2":"nguyenkatelynn_51984_14875663_genetic.py","similarity":0.11707317073170732,"matches":[{"file1":"askamjoshua_52582_14867173_genetic-3.py\\askamjoshua_52582_14867173_genetic-3.py","file2":"nguyenkatelynn_51984_14875663_genetic.py\\nguyenkatelynn_51984_14875663_genetic.py","start1":8,"end1":78,"start2":29,"end2":51,"tokens":24},{"file1":"askamjoshua_52582_14867173_genetic-3.py\\askamjoshua_52582_14867173_genetic-3.py","file2":"nguyenkatelynn_51984_14875663_genetic.py\\nguyenkatelynn_51984_14875663_genetic.py","start1":54,"end1":59,"start2":30,"end2":33,"tokens":12}]}