{"id1":"jinalvin_32921_14866679_genetic-1.py","id2":"hoangalex_46866_14868768_genetic.py","similarity":0.11894273127753303,"matches":[{"file1":"jinalvin_32921_14866679_genetic-1.py\\jinalvin_32921_14866679_genetic-1.py","file2":"hoangalex_46866_14868768_genetic.py\\hoangalex_46866_14868768_genetic.py","start1":80,"end1":96,"start2":52,"end2":72,"tokens":15},{"file1":"jinalvin_32921_14866679_genetic-1.py\\jinalvin_32921_14866679_genetic-1.py","file2":"hoangalex_46866_14868768_genetic.py\\hoangalex_46866_14868768_genetic.py","start1":31,"end1":45,"start2":26,"end2":46,"tokens":12}]}