{"id1":"lathsamnang_40690_14869063_hill.py","id2":"dangtrevor_42745_14874484_hill.py","similarity":0.2897196261682243,"matches":[{"file1":"lathsamnang_40690_14869063_hill.py\\lathsamnang_40690_14869063_hill.py","file2":"dangtrevor_42745_14874484_hill.py\\dangtrevor_42745_14874484_hill.py","start1":35,"end1":41,"start2":44,"end2":52,"tokens":16},{"file1":"lathsamnang_40690_14869063_hill.py\\lathsamnang_40690_14869063_hill.py","file2":"dangtrevor_42745_14874484_hill.py\\dangtrevor_42745_14874484_hill.py","start1":3,"end1":32,"start2":6,"end2":39,"tokens":15}]}