{"id1":"lopezalex_26289_14853350_hill.py","id2":"lopezalex_26289_14853349_genetic.py","similarity":0.27424749163879597,"matches":[{"file1":"lopezalex_26289_14853350_hill.py\\lopezalex_26289_14853350_hill.py","file2":"lopezalex_26289_14853349_genetic.py\\lopezalex_26289_14853349_genetic.py","start1":1,"end1":17,"start2":2,"end2":20,"tokens":21},{"file1":"lopezalex_26289_14853350_hill.py\\lopezalex_26289_14853350_hill.py","file2":"lopezalex_26289_14853349_genetic.py\\lopezalex_26289_14853349_genetic.py","start1":20,"end1":58,"start2":87,"end2":146,"tokens":20}]}