{"id1":"nguyenkatelynn_51984_14875648_hill.py","id2":"delgadodiego_56969_14849156_genetic.py","similarity":0.15819209039548024,"matches":[{"file1":"nguyenkatelynn_51984_14875648_hill.py\\nguyenkatelynn_51984_14875648_hill.py","file2":"delgadodiego_56969_14849156_genetic.py\\delgadodiego_56969_14849156_genetic.py","start1":63,"end1":75,"start2":136,"end2":152,"tokens":16},{"file1":"nguyenkatelynn_51984_14875648_hill.py\\nguyenkatelynn_51984_14875648_hill.py","file2":"delgadodiego_56969_14849156_genetic.py\\delgadodiego_56969_14849156_genetic.py","start1":7,"end1":18,"start2":118,"end2":137,"tokens":12}]}