{"jplag_version":{"major":4,"minor":3,"patch":0},"submission_folder_path":["Assign2Grader\\StudentSubmissions"],"base_code_folder_path":"","language":"Python3 Parser","file_extensions":[".py"],"submission_id_to_display_name":{"hallsteven_8826_14863730_genetic.py":"hallsteven_8826_14863730_genetic.py","lyalex_36345_14873976_genetic.py":"lyalex_36345_14873976_genetic.py","nguyenthuan_62951_14875377_hill.py":"nguyenthuan_62951_14875377_hill.py","maganacesar_17599_14875589_genetic-1.py":"maganacesar_17599_14875589_genetic-1.py","askamjoshua_52582_14867173_genetic-3.py":"askamjoshua_52582_14867173_genetic-3.py","hallsteven_8826_14863731_hill.py":"hallsteven_8826_14863731_hill.py","tangmanting_62858_14874194_genetic-2.py":"tangmanting_62858_14874194_genetic-2.py","tessemabesufekad_42850_14875193_hill.py":"tessemabesufekad_42850_14875193_hill.py","nguyenkiet_34640_14874481_genetic-1.py":"nguyenkiet_34640_14874481_genetic-1.py","quezadagabriel_61627_14875612_hill.py":"quezadagabriel_61627_14875612_hill.py","nguyenkatelynn_51984_14875648_hill.py":"nguyenkatelynn_51984_14875648_hill.py","ashrafrayyan_42996_14874020_hill-2.py":"ashrafrayyan_42996_14874020_hill-2.py","nguyenthanh_29352_14862400_genetic.py":"nguyenthanh_29352_14862400_genetic.py","board.py":"board.py","ruebsamenhunter_42818_14840015_genetic.py":"ruebsamenhunter_42818_14840015_genetic.py","morenodaniel_31442_14867138_genetic.py":"morenodaniel_31442_14867138_genetic.py","zhaohongliang_54111_14869794_genetic.py":"zhaohongliang_54111_14869794_genetic.py","leevictor_61746_14875525_hill.py":"leevictor_61746_14875525_hill.py","anayabriant_43550_14831482_genetic.py":"anayabriant_43550_14831482_genetic.py","nguyentuan_38579_14868152_hill.py":"nguyentuan_38579_14868152_hill.py","fisherjustin_55157_14870357_genetic.py":"fisherjustin_55157_14870357_genetic.py","hosingloyeric_42717_14874617_genetic.py":"hosingloyeric_42717_14874617_genetic.py","maraaidan_55856_14854391_genetic-4.py":"maraaidan_55856_14854391_genetic-4.py","lathsamnang_40690_14869063_hill.py":"lathsamnang_40690_14869063_hill.py","sorianobrianna_24419_14875353_hill.py":"sorianobrianna_24419_14875353_hill.py","jaimealexis_73469_14871350_hill.py":"jaimealexis_73469_14871350_hill.py","nguyenthanh_29352_14862401_hill.py":"nguyenthanh_29352_14862401_hill.py","delgadodiego_56969_14849153_hill.py":"delgadodiego_56969_14849153_hill.py","romerosilvano_61824_14864080_genetic.py":"romerosilvano_61824_14864080_genetic.py","chimvichet_33675_14871481_hill.py":"chimvichet_33675_14871481_hill.py","maganacesar_17599_14875592_hill-1.py":"maganacesar_17599_14875592_hill-1.py","fisherjustin_55157_14870356_hill.py":"fisherjustin_55157_14870356_hill.py","ajitsharvay_23484_14874556_genetic.py":"ajitsharvay_23484_14874556_genetic.py","nguyenkiet_34640_14874480_hill-1.py":"nguyenkiet_34640_14874480_hill-1.py","melgarfrancisco_44172_14867760_hill.py":"melgarfrancisco_44172_14867760_hill.py","askamjoshua_52582_14867175_hill-1.py":"askamjoshua_52582_14867175_hill-1.py","angelaidantristen_26559_14863922_hill.py":"angelaidantristen_26559_14863922_hill.py","kiyunakyle_29164_14867756_genetic.py":"kiyunakyle_29164_14867756_genetic.py","kiyunakyle_29164_14867755_hill.py":"kiyunakyle_29164_14867755_hill.py","chhorbbryan_35249_14857972_hill.py":"chhorbbryan_35249_14857972_hill.py","contrerasgiovanni_11765_14873816_hill.py":"contrerasgiovanni_11765_14873816_hill.py","ortizbacaluis_31190_14866216_genetic.py":"ortizbacaluis_31190_14866216_genetic.py","ajitsharvay_23484_14874557_hill.py":"ajitsharvay_23484_14874557_hill.py","delgadodiego_56969_14849156_genetic.py":"delgadodiego_56969_14849156_genetic.py","trankayla_23296_14876312_genetic-LATE.py":"trankayla_23296_14876312_genetic-LATE.py","maraaidan_55856_14854392_hill-5.py":"maraaidan_55856_14854392_hill-5.py","jinalvin_32921_14866679_genetic-1.py":"jinalvin_32921_14866679_genetic-1.py","steerkate_29295_14837556_genetic.py":"steerkate_29295_14837556_genetic.py","romerosilvano_61824_14864079_hill.py":"romerosilvano_61824_14864079_hill.py","lyalex_36345_14873974_hill.py":"lyalex_36345_14873974_hill.py","quezadagabriel_61627_14875613_genetic.py":"quezadagabriel_61627_14875613_genetic.py","lopezalex_26289_14853349_genetic.py":"lopezalex_26289_14853349_genetic.py","dangtrevor_42745_14874483_genetic.py":"dangtrevor_42745_14874483_genetic.py","whitcombjacob_29528_14873365_hill.py":"whitcombjacob_29528_14873365_hill.py","pacinimarco_28404_14832877_genetic-1.py":"pacinimarco_28404_14832877_genetic-1.py","trankayla_23296_14876313_hill-LATE.py":"trankayla_23296_14876313_hill-LATE.py","jinalvin_32921_14866680_hill-1.py":"jinalvin_32921_14866680_hill-1.py","angelaidantristen_26559_14863921_genetic.py":"angelaidantristen_26559_14863921_genetic.py","ruebsamenhunter_42818_14840014_hill.py":"ruebsamenhunter_42818_14840014_hill.py","leevictor_61746_14875526_genetic.py":"leevictor_61746_14875526_genetic.py","gordillocarine_28482_14873648_hill.py":"gordillocarine_28482_14873648_hill.py","chimvichet_33675_14871482_genetic.py":"chimvichet_33675_14871482_genetic.py","sorianobrianna_24419_14875352_genetic.py":"sorianobrianna_24419_14875352_genetic.py","lathsamnang_40690_14869059_genetic.py":"lathsamnang_40690_14869059_genetic.py","morenodaniel_31442_14867137_hill.py":"morenodaniel_31442_14867137_hill.py","lopezalex_26289_14853350_hill.py":"lopezalex_26289_14853350_hill.py","pacinimarco_28404_14832876_hill-1.py":"pacinimarco_28404_14832876_hill-1.py","wellsbrody_52745_14855686_genetic.py":"wellsbrody_52745_14855686_genetic.py","panderick_63265_14840418_hill.py":"panderick_63265_14840418_hill.py","tangmanting_62858_14874192_hill-1.py":"tangmanting_62858_14874192_hill-1.py","hosingloyeric_42717_14874616_hill.py":"hosingloyeric_42717_14874616_hill.py","vegaalexander_33484_14874900_hill.py":"vegaalexander_33484_14874900_hill.py","anayabriant_43550_14831483_hill.py":"anayabriant_43550_14831483_hill.py","zhaohongliang_54111_14869791_hill.py":"zhaohongliang_54111_14869791_hill.py","jaimealexis_73469_14871351_genetic.py":"jaimealexis_73469_14871351_genetic.py","ashrafrayyan_42996_14874019_genetic-2.py":"ashrafrayyan_42996_14874019_genetic-2.py","nguyenthuan_62951_14875534_genetic-2.py":"nguyenthuan_62951_14875534_genetic-2.py","panderick_63265_14840419_genetic.py":"panderick_63265_14840419_genetic.py","melgarfrancisco_44172_14867759_generic.py":"melgarfrancisco_44172_14867759_generic.py","huynhdylan_32351_14873929_hill.py":"huynhdylan_32351_14873929_hill.py","ortizbacaluis_31190_14866218_hill.py":"ortizbacaluis_31190_14866218_hill.py","hoangalex_46866_14868768_genetic.py":"hoangalex_46866_14868768_genetic.py","dangtrevor_42745_14874484_hill.py":"dangtrevor_42745_14874484_hill.py","hoangalex_46866_14868763_hill.py":"hoangalex_46866_14868763_hill.py","steerkate_29295_14837555_hill.py":"steerkate_29295_14837555_hill.py","chhorbbryan_35249_14857973_genetic.py":"chhorbbryan_35249_14857973_genetic.py","nguyenkatelynn_51984_14875663_genetic.py":"nguyenkatelynn_51984_14875663_genetic.py","whitcombjacob_29528_14873366_genetic.py":"whitcombjacob_29528_14873366_genetic.py","wellsbrody_52745_14855687_hill.py":"wellsbrody_52745_14855687_hill.py","gordillocarine_28482_14873649_genetic.py":"gordillocarine_28482_14873649_genetic.py","nguyentuan_38579_14868151_genetic.py":"nguyentuan_38579_14868151_genetic.py","huynhdylan_32351_14873928_genetic.py":"huynhdylan_32351_14873928_genetic.py"},"submission_ids_to_comparison_file_name":{"hallsteven_8826_14863730_genetic.py":{"ortizbacaluis_31190_14866216_genetic.py":"ortizbacaluis_31190_14866216_genetic.py-hallsteven_8826_14863730_genetic.py.json","tangmanting_62858_14874194_genetic-2.py":"hallsteven_8826_14863730_genetic.py-tangmanting_62858_14874194_genetic-2.py.json"},"lyalex_36345_14873976_genetic.py":{"lyalex_36345_14873974_hill.py":"lyalex_36345_14873974_hill.py-lyalex_36345_14873976_genetic.py.json"},"nguyenthuan_62951_14875377_hill.py":{"board.py":"nguyenthuan_62951_14875377_hill.py-board.py.json","dangtrevor_42745_14874484_hill.py":"nguyenthuan_62951_14875377_hill.py-dangtrevor_42745_14874484_hill.py.json","trankayla_23296_14876313_hill-LATE.py":"trankayla_23296_14876313_hill-LATE.py-nguyenthuan_62951_14875377_hill.py.json","jinalvin_32921_14866680_hill-1.py":"nguyenthuan_62951_14875377_hill.py-jinalvin_32921_14866680_hill-1.py.json","fisherjustin_55157_14870356_hill.py":"nguyenthuan_62951_14875377_hill.py-fisherjustin_55157_14870356_hill.py.json","nguyenthuan_62951_14875534_genetic-2.py":"nguyenthuan_62951_14875377_hill.py-nguyenthuan_62951_14875534_genetic-2.py.json"},"maganacesar_17599_14875589_genetic-1.py":{"dangtrevor_42745_14874484_hill.py":"dangtrevor_42745_14874484_hill.py-maganacesar_17599_14875589_genetic-1.py.json","maganacesar_17599_14875592_hill-1.py":"maganacesar_17599_14875592_hill-1.py-maganacesar_17599_14875589_genetic-1.py.json"},"askamjoshua_52582_14867173_genetic-3.py":{"nguyenkatelynn_51984_14875663_genetic.py":"askamjoshua_52582_14867173_genetic-3.py-nguyenkatelynn_51984_14875663_genetic.py.json","askamjoshua_52582_14867175_hill-1.py":"askamjoshua_52582_14867175_hill-1.py-askamjoshua_52582_14867173_genetic-3.py.json"},"hallsteven_8826_14863731_hill.py":{"board.py":"hallsteven_8826_14863731_hill.py-board.py.json","dangtrevor_42745_14874484_hill.py":"hallsteven_8826_14863731_hill.py-dangtrevor_42745_14874484_hill.py.json","zhaohongliang_54111_14869791_hill.py":"hallsteven_8826_14863731_hill.py-zhaohongliang_54111_14869791_hill.py.json","panderick_63265_14840419_genetic.py":"hallsteven_8826_14863731_hill.py-panderick_63265_14840419_genetic.py.json","panderick_63265_14840418_hill.py":"panderick_63265_14840418_hill.py-hallsteven_8826_14863731_hill.py.json"},"tangmanting_62858_14874194_genetic-2.py":{"hallsteven_8826_14863730_genetic.py":"hallsteven_8826_14863730_genetic.py-tangmanting_62858_14874194_genetic-2.py.json","jinalvin_32921_14866679_genetic-1.py":"tangmanting_62858_14874194_genetic-2.py-jinalvin_32921_14866679_genetic-1.py.json"},"tessemabesufekad_42850_14875193_hill.py":{"panderick_63265_14840418_hill.py":"panderick_63265_14840418_hill.py-tessemabesufekad_42850_14875193_hill.py.json"},"nguyenkatelynn_51984_14875648_hill.py":{"delgadodiego_56969_14849153_hill.py":"nguyenkatelynn_51984_14875648_hill.py-delgadodiego_56969_14849153_hill.py.json","vegaalexander_33484_14874900_hill.py":"vegaalexander_33484_14874900_hill.py-nguyenkatelynn_51984_14875648_hill.py.json","delgadodiego_56969_14849156_genetic.py":"nguyenkatelynn_51984_14875648_hill.py-delgadodiego_56969_14849156_genetic.py.json","romerosilvano_61824_14864079_hill.py":"romerosilvano_61824_14864079_hill.py-nguyenkatelynn_51984_14875648_hill.py.json"},"ashrafrayyan_42996_14874020_hill-2.py":{"dangtrevor_42745_14874484_hill.py":"ashrafrayyan_42996_14874020_hill-2.py-dangtrevor_42745_14874484_hill.py.json","delgadodiego_56969_14849153_hill.py":"ashrafrayyan_42996_14874020_hill-2.py-delgadodiego_56969_14849153_hill.py.json","zhaohongliang_54111_14869794_genetic.py":"ashrafrayyan_42996_14874020_hill-2.py-zhaohongliang_54111_14869794_genetic.py.json","ajitsharvay_23484_14874557_hill.py":"ashrafrayyan_42996_14874020_hill-2.py-ajitsharvay_23484_14874557_hill.py.json","lyalex_36345_14873974_hill.py":"lyalex_36345_14873974_hill.py-ashrafrayyan_42996_14874020_hill-2.py.json","lathsamnang_40690_14869063_hill.py":"ashrafrayyan_42996_14874020_hill-2.py-lathsamnang_40690_14869063_hill.py.json","nguyenthuan_62951_14875534_genetic-2.py":"ashrafrayyan_42996_14874020_hill-2.py-nguyenthuan_62951_14875534_genetic-2.py.json"},"nguyenthanh_29352_14862400_genetic.py":{"nguyenthanh_29352_14862401_hill.py":"nguyenthanh_29352_14862401_hill.py-nguyenthanh_29352_14862400_genetic.py.json"},"board.py":{"dangtrevor_42745_14874484_hill.py":"board.py-dangtrevor_42745_14874484_hill.py.json","nguyenthuan_62951_14875377_hill.py":"nguyenthuan_62951_14875377_hill.py-board.py.json","hallsteven_8826_14863731_hill.py":"hallsteven_8826_14863731_hill.py-board.py.json","zhaohongliang_54111_14869791_hill.py":"board.py-zhaohongliang_54111_14869791_hill.py.json"},"ruebsamenhunter_42818_14840015_genetic.py":{"ashrafrayyan_42996_14874019_genetic-2.py":"ashrafrayyan_42996_14874019_genetic-2.py-ruebsamenhunter_42818_14840015_genetic.py.json"},"zhaohongliang_54111_14869794_genetic.py":{"pacinimarco_28404_14832877_genetic-1.py":"pacinimarco_28404_14832877_genetic-1.py-zhaohongliang_54111_14869794_genetic.py.json","ashrafrayyan_42996_14874020_hill-2.py":"ashrafrayyan_42996_14874020_hill-2.py-zhaohongliang_54111_14869794_genetic.py.json"},"nguyentuan_38579_14868152_hill.py":{"nguyentuan_38579_14868151_genetic.py":"nguyentuan_38579_14868152_hill.py-nguyentuan_38579_14868151_genetic.py.json","romerosilvano_61824_14864079_hill.py":"romerosilvano_61824_14864079_hill.py-nguyentuan_38579_14868152_hill.py.json"},"fisherjustin_55157_14870357_genetic.py":{"fisherjustin_55157_14870356_hill.py":"fisherjustin_55157_14870356_hill.py-fisherjustin_55157_14870357_genetic.py.json"},"lathsamnang_40690_14869063_hill.py":{"dangtrevor_42745_14874484_hill.py":"lathsamnang_40690_14869063_hill.py-dangtrevor_42745_14874484_hill.py.json","lyalex_36345_14873974_hill.py":"lyalex_36345_14873974_hill.py-lathsamnang_40690_14869063_hill.py.json","hosingloyeric_42717_14874617_genetic.py":"lathsamnang_40690_14869063_hill.py-hosingloyeric_42717_14874617_genetic.py.json","ashrafrayyan_42996_14874020_hill-2.py":"ashrafrayyan_42996_14874020_hill-2.py-lathsamnang_40690_14869063_hill.py.json"},"hosingloyeric_42717_14874617_genetic.py":{"lathsamnang_40690_14869063_hill.py":"lathsamnang_40690_14869063_hill.py-hosingloyeric_42717_14874617_genetic.py.json"},"maraaidan_55856_14854391_genetic-4.py":{"maraaidan_55856_14854392_hill-5.py":"maraaidan_55856_14854392_hill-5.py-maraaidan_55856_14854391_genetic-4.py.json"},"jaimealexis_73469_14871350_hill.py":{"jaimealexis_73469_14871351_genetic.py":"jaimealexis_73469_14871350_hill.py-jaimealexis_73469_14871351_genetic.py.json"},"delgadodiego_56969_14849153_hill.py":{"vegaalexander_33484_14874900_hill.py":"vegaalexander_33484_14874900_hill.py-delgadodiego_56969_14849153_hill.py.json","delgadodiego_56969_14849156_genetic.py":"delgadodiego_56969_14849153_hill.py-delgadodiego_56969_14849156_genetic.py.json","lyalex_36345_14873974_hill.py":"lyalex_36345_14873974_hill.py-delgadodiego_56969_14849153_hill.py.json","romerosilvano_61824_14864079_hill.py":"romerosilvano_61824_14864079_hill.py-delgadodiego_56969_14849153_hill.py.json","ashrafrayyan_42996_14874020_hill-2.py":"ashrafrayyan_42996_14874020_hill-2.py-delgadodiego_56969_14849153_hill.py.json","nguyenkatelynn_51984_14875648_hill.py":"nguyenkatelynn_51984_14875648_hill.py-delgadodiego_56969_14849153_hill.py.json"},"nguyenthanh_29352_14862401_hill.py":{"nguyenthanh_29352_14862400_genetic.py":"nguyenthanh_29352_14862401_hill.py-nguyenthanh_29352_14862400_genetic.py.json"},"maganacesar_17599_14875592_hill-1.py":{"dangtrevor_42745_14874484_hill.py":"maganacesar_17599_14875592_hill-1.py-dangtrevor_42745_14874484_hill.py.json","maganacesar_17599_14875589_genetic-1.py":"maganacesar_17599_14875592_hill-1.py-maganacesar_17599_14875589_genetic-1.py.json","angelaidantristen_26559_14863921_genetic.py":"maganacesar_17599_14875592_hill-1.py-angelaidantristen_26559_14863921_genetic.py.json","dangtrevor_42745_14874483_genetic.py":"maganacesar_17599_14875592_hill-1.py-dangtrevor_42745_14874483_genetic.py.json"},"chimvichet_33675_14871481_hill.py":{"gordillocarine_28482_14873648_hill.py":"chimvichet_33675_14871481_hill.py-gordillocarine_28482_14873648_hill.py.json"},"romerosilvano_61824_14864080_genetic.py":{"romerosilvano_61824_14864079_hill.py":"romerosilvano_61824_14864079_hill.py-romerosilvano_61824_14864080_genetic.py.json"},"fisherjustin_55157_14870356_hill.py":{"nguyenthuan_62951_14875377_hill.py":"nguyenthuan_62951_14875377_hill.py-fisherjustin_55157_14870356_hill.py.json","fisherjustin_55157_14870357_genetic.py":"fisherjustin_55157_14870356_hill.py-fisherjustin_55157_14870357_genetic.py.json"},"nguyenkiet_34640_14874480_hill-1.py":{"anayabriant_43550_14831483_hill.py":"nguyenkiet_34640_14874480_hill-1.py-anayabriant_43550_14831483_hill.py.json","jinalvin_32921_14866680_hill-1.py":"nguyenkiet_34640_14874480_hill-1.py-jinalvin_32921_14866680_hill-1.py.json","ortizbacaluis_31190_14866218_hill.py":"ortizbacaluis_31190_14866218_hill.py-nguyenkiet_34640_14874480_hill-1.py.json"},"melgarfrancisco_44172_14867760_hill.py":{"pacinimarco_28404_14832876_hill-1.py":"melgarfrancisco_44172_14867760_hill.py-pacinimarco_28404_14832876_hill-1.py.json","melgarfrancisco_44172_14867759_generic.py":"melgarfrancisco_44172_14867760_hill.py-melgarfrancisco_44172_14867759_generic.py.json"},"askamjoshua_52582_14867175_hill-1.py":{"askamjoshua_52582_14867173_genetic-3.py":"askamjoshua_52582_14867175_hill-1.py-askamjoshua_52582_14867173_genetic-3.py.json","lopezalex_26289_14853350_hill.py":"lopezalex_26289_14853350_hill.py-askamjoshua_52582_14867175_hill-1.py.json"},"angelaidantristen_26559_14863922_hill.py":{"dangtrevor_42745_14874484_hill.py":"angelaidantristen_26559_14863922_hill.py-dangtrevor_42745_14874484_hill.py.json","angelaidantristen_26559_14863921_genetic.py":"angelaidantristen_26559_14863922_hill.py-angelaidantristen_26559_14863921_genetic.py.json","ruebsamenhunter_42818_14840014_hill.py":"angelaidantristen_26559_14863922_hill.py-ruebsamenhunter_42818_14840014_hill.py.json","dangtrevor_42745_14874483_genetic.py":"angelaidantristen_26559_14863922_hill.py-dangtrevor_42745_14874483_genetic.py.json"},"contrerasgiovanni_11765_14873816_hill.py":{"hosingloyeric_42717_14874616_hill.py":"hosingloyeric_42717_14874616_hill.py-contrerasgiovanni_11765_14873816_hill.py.json","lyalex_36345_14873974_hill.py":"lyalex_36345_14873974_hill.py-contrerasgiovanni_11765_14873816_hill.py.json","pacinimarco_28404_14832876_hill-1.py":"pacinimarco_28404_14832876_hill-1.py-contrerasgiovanni_11765_14873816_hill.py.json"},"ortizbacaluis_31190_14866216_genetic.py":{"hallsteven_8826_14863730_genetic.py":"ortizbacaluis_31190_14866216_genetic.py-hallsteven_8826_14863730_genetic.py.json","pacinimarco_28404_14832877_genetic-1.py":"pacinimarco_28404_14832877_genetic-1.py-ortizbacaluis_31190_14866216_genetic.py.json","romerosilvano_61824_14864079_hill.py":"romerosilvano_61824_14864079_hill.py-ortizbacaluis_31190_14866216_genetic.py.json","melgarfrancisco_44172_14867759_generic.py":"melgarfrancisco_44172_14867759_generic.py-ortizbacaluis_31190_14866216_genetic.py.json","ortizbacaluis_31190_14866218_hill.py":"ortizbacaluis_31190_14866218_hill.py-ortizbacaluis_31190_14866216_genetic.py.json"},"ajitsharvay_23484_14874557_hill.py":{"ashrafrayyan_42996_14874020_hill-2.py":"ashrafrayyan_42996_14874020_hill-2.py-ajitsharvay_23484_14874557_hill.py.json"},"delgadodiego_56969_14849156_genetic.py":{"delgadodiego_56969_14849153_hill.py":"delgadodiego_56969_14849153_hill.py-delgadodiego_56969_14849156_genetic.py.json","nguyenkatelynn_51984_14875648_hill.py":"nguyenkatelynn_51984_14875648_hill.py-delgadodiego_56969_14849156_genetic.py.json"},"trankayla_23296_14876312_genetic-LATE.py":{"nguyenkatelynn_51984_14875663_genetic.py":"trankayla_23296_14876312_genetic-LATE.py-nguyenkatelynn_51984_14875663_genetic.py.json"},"maraaidan_55856_14854392_hill-5.py":{"maraaidan_55856_14854391_genetic-4.py":"maraaidan_55856_14854392_hill-5.py-maraaidan_55856_14854391_genetic-4.py.json"},"lyalex_36345_14873974_hill.py":{"delgadodiego_56969_14849153_hill.py":"lyalex_36345_14873974_hill.py-delgadodiego_56969_14849153_hill.py.json","lyalex_36345_14873976_genetic.py":"lyalex_36345_14873974_hill.py-lyalex_36345_14873976_genetic.py.json","contrerasgiovanni_11765_14873816_hill.py":"lyalex_36345_14873974_hill.py-contrerasgiovanni_11765_14873816_hill.py.json","lathsamnang_40690_14869063_hill.py":"lyalex_36345_14873974_hill.py-lathsamnang_40690_14869063_hill.py.json","ashrafrayyan_42996_14874020_hill-2.py":"lyalex_36345_14873974_hill.py-ashrafrayyan_42996_14874020_hill-2.py.json"},"romerosilvano_61824_14864079_hill.py":{"delgadodiego_56969_14849153_hill.py":"romerosilvano_61824_14864079_hill.py-delgadodiego_56969_14849153_hill.py.json","romerosilvano_61824_14864080_genetic.py":"romerosilvano_61824_14864079_hill.py-romerosilvano_61824_14864080_genetic.py.json","ortizbacaluis_31190_14866216_genetic.py":"romerosilvano_61824_14864079_hill.py-ortizbacaluis_31190_14866216_genetic.py.json","nguyentuan_38579_14868152_hill.py":"romerosilvano_61824_14864079_hill.py-nguyentuan_38579_14868152_hill.py.json","nguyenthuan_62951_14875534_genetic-2.py":"romerosilvano_61824_14864079_hill.py-nguyenthuan_62951_14875534_genetic-2.py.json","nguyenkatelynn_51984_14875648_hill.py":"romerosilvano_61824_14864079_hill.py-nguyenkatelynn_51984_14875648_hill.py.json"},"jinalvin_32921_14866679_genetic-1.py":{"hoangalex_46866_14868768_genetic.py":"jinalvin_32921_14866679_genetic-1.py-hoangalex_46866_14868768_genetic.py.json","tangmanting_62858_14874194_genetic-2.py":"tangmanting_62858_14874194_genetic-2.py-jinalvin_32921_14866679_genetic-1.py.json"},"lopezalex_26289_14853349_genetic.py":{"whitcombjacob_29528_14873365_hill.py":"whitcombjacob_29528_14873365_hill.py-lopezalex_26289_14853349_genetic.py.json","lopezalex_26289_14853350_hill.py":"lopezalex_26289_14853350_hill.py-lopezalex_26289_14853349_genetic.py.json"},"dangtrevor_42745_14874483_genetic.py":{"dangtrevor_42745_14874484_hill.py":"dangtrevor_42745_14874484_hill.py-dangtrevor_42745_14874483_genetic.py.json","maganacesar_17599_14875592_hill-1.py":"maganacesar_17599_14875592_hill-1.py-dangtrevor_42745_14874483_genetic.py.json","angelaidantristen_26559_14863922_hill.py":"angelaidantristen_26559_14863922_hill.py-dangtrevor_42745_14874483_genetic.py.json","ruebsamenhunter_42818_14840014_hill.py":"ruebsamenhunter_42818_14840014_hill.py-dangtrevor_42745_14874483_genetic.py.json"},"whitcombjacob_29528_14873365_hill.py":{"whitcombjacob_29528_14873366_genetic.py":"whitcombjacob_29528_14873365_hill.py-whitcombjacob_29528_14873366_genetic.py.json","lopezalex_26289_14853349_genetic.py":"whitcombjacob_29528_14873365_hill.py-lopezalex_26289_14853349_genetic.py.json","lopezalex_26289_14853350_hill.py":"lopezalex_26289_14853350_hill.py-whitcombjacob_29528_14873365_hill.py.json"},"pacinimarco_28404_14832877_genetic-1.py":{"zhaohongliang_54111_14869794_genetic.py":"pacinimarco_28404_14832877_genetic-1.py-zhaohongliang_54111_14869794_genetic.py.json","ortizbacaluis_31190_14866216_genetic.py":"pacinimarco_28404_14832877_genetic-1.py-ortizbacaluis_31190_14866216_genetic.py.json"},"trankayla_23296_14876313_hill-LATE.py":{"nguyenthuan_62951_14875377_hill.py":"trankayla_23296_14876313_hill-LATE.py-nguyenthuan_62951_14875377_hill.py.json","jinalvin_32921_14866680_hill-1.py":"trankayla_23296_14876313_hill-LATE.py-jinalvin_32921_14866680_hill-1.py.json"},"jinalvin_32921_14866680_hill-1.py":{"nguyenthuan_62951_14875377_hill.py":"nguyenthuan_62951_14875377_hill.py-jinalvin_32921_14866680_hill-1.py.json","trankayla_23296_14876313_hill-LATE.py":"trankayla_23296_14876313_hill-LATE.py-jinalvin_32921_14866680_hill-1.py.json","nguyenkiet_34640_14874480_hill-1.py":"nguyenkiet_34640_14874480_hill-1.py-jinalvin_32921_14866680_hill-1.py.json"},"angelaidantristen_26559_14863921_genetic.py":{"dangtrevor_42745_14874484_hill.py":"dangtrevor_42745_14874484_hill.py-angelaidantristen_26559_14863921_genetic.py.json","maganacesar_17599_14875592_hill-1.py":"maganacesar_17599_14875592_hill-1.py-angelaidantristen_26559_14863921_genetic.py.json","angelaidantristen_26559_14863922_hill.py":"angelaidantristen_26559_14863922_hill.py-angelaidantristen_26559_14863921_genetic.py.json"},"ruebsamenhunter_42818_14840014_hill.py":{"dangtrevor_42745_14874484_hill.py":"ruebsamenhunter_42818_14840014_hill.py-dangtrevor_42745_14874484_hill.py.json","angelaidantristen_26559_14863922_hill.py":"angelaidantristen_26559_14863922_hill.py-ruebsamenhunter_42818_14840014_hill.py.json","dangtrevor_42745_14874483_genetic.py":"ruebsamenhunter_42818_14840014_hill.py-dangtrevor_42745_14874483_genetic.py.json"},"gordillocarine_28482_14873648_hill.py":{"chimvichet_33675_14871481_hill.py":"chimvichet_33675_14871481_hill.py-gordillocarine_28482_14873648_hill.py.json","morenodaniel_31442_14867137_hill.py":"gordillocarine_28482_14873648_hill.py-morenodaniel_31442_14867137_hill.py.json"},"chimvichet_33675_14871482_genetic.py":{"melgarfrancisco_44172_14867759_generic.py":"melgarfrancisco_44172_14867759_generic.py-chimvichet_33675_14871482_genetic.py.json"},"lathsamnang_40690_14869059_genetic.py":{"ashrafrayyan_42996_14874019_genetic-2.py":"ashrafrayyan_42996_14874019_genetic-2.py-lathsamnang_40690_14869059_genetic.py.json"},"morenodaniel_31442_14867137_hill.py":{"gordillocarine_28482_14873648_hill.py":"gordillocarine_28482_14873648_hill.py-morenodaniel_31442_14867137_hill.py.json"},"lopezalex_26289_14853350_hill.py":{"whitcombjacob_29528_14873365_hill.py":"lopezalex_26289_14853350_hill.py-whitcombjacob_29528_14873365_hill.py.json","whitcombjacob_29528_14873366_genetic.py":"lopezalex_26289_14853350_hill.py-whitcombjacob_29528_14873366_genetic.py.json","askamjoshua_52582_14867175_hill-1.py":"lopezalex_26289_14853350_hill.py-askamjoshua_52582_14867175_hill-1.py.json","lopezalex_26289_14853349_genetic.py":"lopezalex_26289_14853350_hill.py-lopezalex_26289_14853349_genetic.py.json"},"panderick_63265_14840418_hill.py":{"anayabriant_43550_14831483_hill.py":"panderick_63265_14840418_hill.py-anayabriant_43550_14831483_hill.py.json","hallsteven_8826_14863731_hill.py":"panderick_63265_14840418_hill.py-hallsteven_8826_14863731_hill.py.json","zhaohongliang_54111_14869791_hill.py":"panderick_63265_14840418_hill.py-zhaohongliang_54111_14869791_hill.py.json","tessemabesufekad_42850_14875193_hill.py":"panderick_63265_14840418_hill.py-tessemabesufekad_42850_14875193_hill.py.json"},"pacinimarco_28404_14832876_hill-1.py":{"hosingloyeric_42717_14874616_hill.py":"hosingloyeric_42717_14874616_hill.py-pacinimarco_28404_14832876_hill-1.py.json","contrerasgiovanni_11765_14873816_hill.py":"pacinimarco_28404_14832876_hill-1.py-contrerasgiovanni_11765_14873816_hill.py.json","melgarfrancisco_44172_14867760_hill.py":"melgarfrancisco_44172_14867760_hill.py-pacinimarco_28404_14832876_hill-1.py.json"},"tangmanting_62858_14874192_hill-1.py":{"steerkate_29295_14837555_hill.py":"steerkate_29295_14837555_hill.py-tangmanting_62858_14874192_hill-1.py.json","hosingloyeric_42717_14874616_hill.py":"tangmanting_62858_14874192_hill-1.py-hosingloyeric_42717_14874616_hill.py.json"},"hosingloyeric_42717_14874616_hill.py":{"contrerasgiovanni_11765_14873816_hill.py":"hosingloyeric_42717_14874616_hill.py-contrerasgiovanni_11765_14873816_hill.py.json","zhaohongliang_54111_14869791_hill.py":"hosingloyeric_42717_14874616_hill.py-zhaohongliang_54111_14869791_hill.py.json","nguyenthuan_62951_14875534_genetic-2.py":"hosingloyeric_42717_14874616_hill.py-nguyenthuan_62951_14875534_genetic-2.py.json","pacinimarco_28404_14832876_hill-1.py":"hosingloyeric_42717_14874616_hill.py-pacinimarco_28404_14832876_hill-1.py.json","tangmanting_62858_14874192_hill-1.py":"tangmanting_62858_14874192_hill-1.py-hosingloyeric_42717_14874616_hill.py.json"},"anayabriant_43550_14831483_hill.py":{"vegaalexander_33484_14874900_hill.py":"vegaalexander_33484_14874900_hill.py-anayabriant_43550_14831483_hill.py.json","nguyenkiet_34640_14874480_hill-1.py":"nguyenkiet_34640_14874480_hill-1.py-anayabriant_43550_14831483_hill.py.json","panderick_63265_14840418_hill.py":"panderick_63265_14840418_hill.py-anayabriant_43550_14831483_hill.py.json","ortizbacaluis_31190_14866218_hill.py":"ortizbacaluis_31190_14866218_hill.py-anayabriant_43550_14831483_hill.py.json"},"vegaalexander_33484_14874900_hill.py":{"delgadodiego_56969_14849153_hill.py":"vegaalexander_33484_14874900_hill.py-delgadodiego_56969_14849153_hill.py.json","anayabriant_43550_14831483_hill.py":"vegaalexander_33484_14874900_hill.py-anayabriant_43550_14831483_hill.py.json","nguyenkatelynn_51984_14875648_hill.py":"vegaalexander_33484_14874900_hill.py-nguyenkatelynn_51984_14875648_hill.py.json"},"zhaohongliang_54111_14869791_hill.py":{"board.py":"board.py-zhaohongliang_54111_14869791_hill.py.json","dangtrevor_42745_14874484_hill.py":"dangtrevor_42745_14874484_hill.py-zhaohongliang_54111_14869791_hill.py.json","hosingloyeric_42717_14874616_hill.py":"hosingloyeric_42717_14874616_hill.py-zhaohongliang_54111_14869791_hill.py.json","hallsteven_8826_14863731_hill.py":"hallsteven_8826_14863731_hill.py-zhaohongliang_54111_14869791_hill.py.json","panderick_63265_14840418_hill.py":"panderick_63265_14840418_hill.py-zhaohongliang_54111_14869791_hill.py.json"},"jaimealexis_73469_14871351_genetic.py":{"jaimealexis_73469_14871350_hill.py":"jaimealexis_73469_14871350_hill.py-jaimealexis_73469_14871351_genetic.py.json"},"ashrafrayyan_42996_14874019_genetic-2.py":{"ruebsamenhunter_42818_14840015_genetic.py":"ashrafrayyan_42996_14874019_genetic-2.py-ruebsamenhunter_42818_14840015_genetic.py.json","lathsamnang_40690_14869059_genetic.py":"ashrafrayyan_42996_14874019_genetic-2.py-lathsamnang_40690_14869059_genetic.py.json","nguyenthuan_62951_14875534_genetic-2.py":"nguyenthuan_62951_14875534_genetic-2.py-ashrafrayyan_42996_14874019_genetic-2.py.json"},"nguyenthuan_62951_14875534_genetic-2.py":{"dangtrevor_42745_14874484_hill.py":"dangtrevor_42745_14874484_hill.py-nguyenthuan_62951_14875534_genetic-2.py.json","hosingloyeric_42717_14874616_hill.py":"hosingloyeric_42717_14874616_hill.py-nguyenthuan_62951_14875534_genetic-2.py.json","nguyenthuan_62951_14875377_hill.py":"nguyenthuan_62951_14875377_hill.py-nguyenthuan_62951_14875534_genetic-2.py.json","romerosilvano_61824_14864079_hill.py":"romerosilvano_61824_14864079_hill.py-nguyenthuan_62951_14875534_genetic-2.py.json","ashrafrayyan_42996_14874019_genetic-2.py":"nguyenthuan_62951_14875534_genetic-2.py-ashrafrayyan_42996_14874019_genetic-2.py.json","ashrafrayyan_42996_14874020_hill-2.py":"ashrafrayyan_42996_14874020_hill-2.py-nguyenthuan_62951_14875534_genetic-2.py.json"},"panderick_63265_14840419_genetic.py":{"hallsteven_8826_14863731_hill.py":"hallsteven_8826_14863731_hill.py-panderick_63265_14840419_genetic.py.json"},"melgarfrancisco_44172_14867759_generic.py":{"chimvichet_33675_14871482_genetic.py":"melgarfrancisco_44172_14867759_generic.py-chimvichet_33675_14871482_genetic.py.json","ortizbacaluis_31190_14866216_genetic.py":"melgarfrancisco_44172_14867759_generic.py-ortizbacaluis_31190_14866216_genetic.py.json","melgarfrancisco_44172_14867760_hill.py":"melgarfrancisco_44172_14867760_hill.py-melgarfrancisco_44172_14867759_generic.py.json"},"huynhdylan_32351_14873929_hill.py":{"huynhdylan_32351_14873928_genetic.py":"huynhdylan_32351_14873929_hill.py-huynhdylan_32351_14873928_genetic.py.json"},"ortizbacaluis_31190_14866218_hill.py":{"anayabriant_43550_14831483_hill.py":"ortizbacaluis_31190_14866218_hill.py-anayabriant_43550_14831483_hill.py.json","ortizbacaluis_31190_14866216_genetic.py":"ortizbacaluis_31190_14866218_hill.py-ortizbacaluis_31190_14866216_genetic.py.json","nguyenkiet_34640_14874480_hill-1.py":"ortizbacaluis_31190_14866218_hill.py-nguyenkiet_34640_14874480_hill-1.py.json"},"dangtrevor_42745_14874484_hill.py":{"nguyenthuan_62951_14875377_hill.py":"nguyenthuan_62951_14875377_hill.py-dangtrevor_42745_14874484_hill.py.json","maganacesar_17599_14875592_hill-1.py":"maganacesar_17599_14875592_hill-1.py-dangtrevor_42745_14874484_hill.py.json","maganacesar_17599_14875589_genetic-1.py":"dangtrevor_42745_14874484_hill.py-maganacesar_17599_14875589_genetic-1.py.json","hallsteven_8826_14863731_hill.py":"hallsteven_8826_14863731_hill.py-dangtrevor_42745_14874484_hill.py.json","zhaohongliang_54111_14869791_hill.py":"dangtrevor_42745_14874484_hill.py-zhaohongliang_54111_14869791_hill.py.json","angelaidantristen_26559_14863922_hill.py":"angelaidantristen_26559_14863922_hill.py-dangtrevor_42745_14874484_hill.py.json","nguyenthuan_62951_14875534_genetic-2.py":"dangtrevor_42745_14874484_hill.py-nguyenthuan_62951_14875534_genetic-2.py.json","angelaidantristen_26559_14863921_genetic.py":"dangtrevor_42745_14874484_hill.py-angelaidantristen_26559_14863921_genetic.py.json","ashrafrayyan_42996_14874020_hill-2.py":"ashrafrayyan_42996_14874020_hill-2.py-dangtrevor_42745_14874484_hill.py.json","ruebsamenhunter_42818_14840014_hill.py":"ruebsamenhunter_42818_14840014_hill.py-dangtrevor_42745_14874484_hill.py.json","board.py":"board.py-dangtrevor_42745_14874484_hill.py.json","lathsamnang_40690_14869063_hill.py":"lathsamnang_40690_14869063_hill.py-dangtrevor_42745_14874484_hill.py.json","dangtrevor_42745_14874483_genetic.py":"dangtrevor_42745_14874484_hill.py-dangtrevor_42745_14874483_genetic.py.json"},"hoangalex_46866_14868768_genetic.py":{"hoangalex_46866_14868763_hill.py":"hoangalex_46866_14868763_hill.py-hoangalex_46866_14868768_genetic.py.json","jinalvin_32921_14866679_genetic-1.py":"jinalvin_32921_14866679_genetic-1.py-hoangalex_46866_14868768_genetic.py.json"},"hoangalex_46866_14868763_hill.py":{"hoangalex_46866_14868768_genetic.py":"hoangalex_46866_14868763_hill.py-hoangalex_46866_14868768_genetic.py.json"},"steerkate_29295_14837555_hill.py":{"tangmanting_62858_14874192_hill-1.py":"steerkate_29295_14837555_hill.py-tangmanting_62858_14874192_hill-1.py.json"},"nguyenkatelynn_51984_14875663_genetic.py":{"askamjoshua_52582_14867173_genetic-3.py":"askamjoshua_52582_14867173_genetic-3.py-nguyenkatelynn_51984_14875663_genetic.py.json","trankayla_23296_14876312_genetic-LATE.py":"trankayla_23296_14876312_genetic-LATE.py-nguyenkatelynn_51984_14875663_genetic.py.json"},"whitcombjacob_29528_14873366_genetic.py":{"whitcombjacob_29528_14873365_hill.py":"whitcombjacob_29528_14873365_hill.py-whitcombjacob_29528_14873366_genetic.py.json","lopezalex_26289_14853350_hill.py":"lopezalex_26289_14853350_hill.py-whitcombjacob_29528_14873366_genetic.py.json"},"nguyentuan_38579_14868151_genetic.py":{"nguyentuan_38579_14868152_hill.py":"nguyentuan_38579_14868152_hill.py-nguyentuan_38579_14868151_genetic.py.json"},"huynhdylan_32351_14873928_genetic.py":{"huynhdylan_32351_14873929_hill.py":"huynhdylan_32351_14873929_hill.py-huynhdylan_32351_14873928_genetic.py.json"}},"failed_submission_names":[],"excluded_files":[],"match_sensitivity":12,"date_of_execution":"17/02/24","execution_time":798,"metrics":[{"name":"AVG","distribution":[0,0,0,0,0,0,1,15,92,4078],"topComparisons":[{"first_submission":"trankayla_23296_14876313_hill-LATE.py","second_submission":"nguyenthuan_62951_14875377_hill.py","similarity":0.32748538011695905},{"first_submission":"lathsamnang_40690_14869063_hill.py","second_submission":"dangtrevor_42745_14874484_hill.py","similarity":0.2897196261682243},{"first_submission":"huynhdylan_32351_14873929_hill.py","second_submission":"huynhdylan_32351_14873928_genetic.py","similarity":0.28888888888888886},{"first_submission":"lopezalex_26289_14853350_hill.py","second_submission":"lopezalex_26289_14853349_genetic.py","similarity":0.27424749163879597},{"first_submission":"trankayla_23296_14876312_genetic-LATE.py","second_submission":"nguyenkatelynn_51984_14875663_genetic.py","similarity":0.2578512396694215},{"first_submission":"askamjoshua_52582_14867175_hill-1.py","second_submission":"askamjoshua_52582_14867173_genetic-3.py","similarity":0.24102564102564103},{"first_submission":"ortizbacaluis_31190_14866218_hill.py","second_submission":"anayabriant_43550_14831483_hill.py","similarity":0.2346368715083799},{"first_submission":"maganacesar_17599_14875592_hill-1.py","second_submission":"maganacesar_17599_14875589_genetic-1.py","similarity":0.23333333333333334},{"first_submission":"angelaidantristen_26559_14863922_hill.py","second_submission":"dangtrevor_42745_14874484_hill.py","similarity":0.2328767123287671},{"first_submission":"ashrafrayyan_42996_14874020_hill-2.py","second_submission":"dangtrevor_42745_14874484_hill.py","similarity":0.23157894736842105},{"first_submission":"hosingloyeric_42717_14874616_hill.py","second_submission":"pacinimarco_28404_14832876_hill-1.py","similarity":0.2247191011235955},{"first_submission":"nguyenthanh_29352_14862401_hill.py","second_submission":"nguyenthanh_29352_14862400_genetic.py","similarity":0.2242152466367713},{"first_submission":"hoangalex_46866_14868763_hill.py","second_submission":"hoangalex_46866_14868768_genetic.py","similarity":0.22162162162162163},{"first_submission":"angelaidantristen_26559_14863922_hill.py","second_submission":"ruebsamenhunter_42818_14840014_hill.py","similarity":0.2033898305084746},{"first_submission":"angelaidantristen_26559_14863922_hill.py","second_submission":"angelaidantristen_26559_14863921_genetic.py","similarity":0.20125786163522014},{"first_submission":"dangtrevor_42745_14874484_hill.py","second_submission":"dangtrevor_42745_14874483_genetic.py","similarity":0.20077220077220076},{"first_submission":"steerkate_29295_14837555_hill.py","second_submission":"tangmanting_62858_14874192_hill-1.py","similarity":0.19480519480519481},{"first_submission":"whitcombjacob_29528_14873365_hill.py","second_submission":"whitcombjacob_29528_14873366_genetic.py","similarity":0.18867924528301888},{"first_submission":"panderick_63265_14840418_hill.py","second_submission":"tessemabesufekad_42850_14875193_hill.py","similarity":0.18543046357615894},{"first_submission":"romerosilvano_61824_14864079_hill.py","second_submission":"romerosilvano_61824_14864080_genetic.py","similarity":0.18181818181818182},{"first_submission":"angelaidantristen_26559_14863922_hill.py","second_submission":"dangtrevor_42745_14874483_genetic.py","similarity":0.17989417989417988},{"first_submission":"nguyenthuan_62951_14875377_hill.py","second_submission":"board.py","similarity":0.17777777777777778},{"first_submission":"lyalex_36345_14873974_hill.py","second_submission":"lyalex_36345_14873976_genetic.py","similarity":0.1735159817351598},{"first_submission":"board.py","second_submission":"dangtrevor_42745_14874484_hill.py","similarity":0.1691542288557214},{"first_submission":"maraaidan_55856_14854392_hill-5.py","second_submission":"maraaidan_55856_14854391_genetic-4.py","similarity":0.16611295681063123},{"first_submission":"fisherjustin_55157_14870356_hill.py","second_submission":"fisherjustin_55157_14870357_genetic.py","similarity":0.16314199395770393},{"first_submission":"ashrafrayyan_42996_14874019_genetic-2.py","second_submission":"ruebsamenhunter_42818_14840015_genetic.py","similarity":0.16231884057971013},{"first_submission":"ortizbacaluis_31190_14866218_hill.py","second_submission":"nguyenkiet_34640_14874480_hill-1.py","similarity":0.16091954022988506},{"first_submission":"pacinimarco_28404_14832876_hill-1.py","second_submission":"contrerasgiovanni_11765_14873816_hill.py","similarity":0.16080402010050251},{"first_submission":"tangmanting_62858_14874192_hill-1.py","second_submission":"hosingloyeric_42717_14874616_hill.py","similarity":0.15950920245398773},{"first_submission":"panderick_63265_14840418_hill.py","second_submission":"anayabriant_43550_14831483_hill.py","similarity":0.1590909090909091},{"first_submission":"lopezalex_26289_14853350_hill.py","second_submission":"whitcombjacob_29528_14873365_hill.py","similarity":0.15873015873015872},{"first_submission":"nguyenthuan_62951_14875377_hill.py","second_submission":"nguyenthuan_62951_14875534_genetic-2.py","similarity":0.15841584158415842},{"first_submission":"nguyenkatelynn_51984_14875648_hill.py","second_submission":"delgadodiego_56969_14849156_genetic.py","similarity":0.15819209039548024},{"first_submission":"nguyenthuan_62951_14875377_hill.py","second_submission":"dangtrevor_42745_14874484_hill.py","similarity":0.15384615384615385},{"first_submission":"hallsteven_8826_14863731_hill.py","second_submission":"zhaohongliang_54111_14869791_hill.py","similarity":0.1523809523809524},{"first_submission":"vegaalexander_33484_14874900_hill.py","second_submission":"nguyenkatelynn_51984_14875648_hill.py","similarity":0.15151515151515152},{"first_submission":"panderick_63265_14840418_hill.py","second_submission":"hallsteven_8826_14863731_hill.py","similarity":0.1509433962264151},{"first_submission":"maganacesar_17599_14875592_hill-1.py","second_submission":"dangtrevor_42745_14874484_hill.py","similarity":0.15},{"first_submission":"romerosilvano_61824_14864079_hill.py","second_submission":"delgadodiego_56969_14849153_hill.py","similarity":0.14746543778801843},{"first_submission":"lyalex_36345_14873974_hill.py","second_submission":"ashrafrayyan_42996_14874020_hill-2.py","similarity":0.147239263803681},{"first_submission":"hallsteven_8826_14863731_hill.py","second_submission":"board.py","similarity":0.1452513966480447},{"first_submission":"hosingloyeric_42717_14874616_hill.py","second_submission":"zhaohongliang_54111_14869791_hill.py","similarity":0.14492753623188406},{"first_submission":"melgarfrancisco_44172_14867760_hill.py","second_submission":"pacinimarco_28404_14832876_hill-1.py","similarity":0.1437125748502994},{"first_submission":"lopezalex_26289_14853350_hill.py","second_submission":"askamjoshua_52582_14867175_hill-1.py","similarity":0.143646408839779},{"first_submission":"melgarfrancisco_44172_14867759_generic.py","second_submission":"chimvichet_33675_14871482_genetic.py","similarity":0.14285714285714285},{"first_submission":"nguyenthuan_62951_14875377_hill.py","second_submission":"fisherjustin_55157_14870356_hill.py","similarity":0.14207650273224043},{"first_submission":"nguyenkiet_34640_14874480_hill-1.py","second_submission":"jinalvin_32921_14866680_hill-1.py","similarity":0.1414141414141414},{"first_submission":"delgadodiego_56969_14849153_hill.py","second_submission":"delgadodiego_56969_14849156_genetic.py","similarity":0.14054054054054055},{"first_submission":"romerosilvano_61824_14864079_hill.py","second_submission":"nguyenkatelynn_51984_14875648_hill.py","similarity":0.13930348258706468},{"first_submission":"nguyenkiet_34640_14874480_hill-1.py","second_submission":"anayabriant_43550_14831483_hill.py","similarity":0.13930348258706468},{"first_submission":"tangmanting_62858_14874194_genetic-2.py","second_submission":"jinalvin_32921_14866679_genetic-1.py","similarity":0.13846153846153847},{"first_submission":"dangtrevor_42745_14874484_hill.py","second_submission":"zhaohongliang_54111_14869791_hill.py","similarity":0.13793103448275862},{"first_submission":"nguyenkatelynn_51984_14875648_hill.py","second_submission":"delgadodiego_56969_14849153_hill.py","similarity":0.13675213675213677},{"first_submission":"pacinimarco_28404_14832877_genetic-1.py","second_submission":"zhaohongliang_54111_14869794_genetic.py","similarity":0.13533834586466165},{"first_submission":"hallsteven_8826_14863731_hill.py","second_submission":"dangtrevor_42745_14874484_hill.py","similarity":0.13402061855670103},{"first_submission":"hosingloyeric_42717_14874616_hill.py","second_submission":"nguyenthuan_62951_14875534_genetic-2.py","similarity":0.13131313131313133},{"first_submission":"trankayla_23296_14876313_hill-LATE.py","second_submission":"jinalvin_32921_14866680_hill-1.py","similarity":0.13043478260869565},{"first_submission":"lyalex_36345_14873974_hill.py","second_submission":"contrerasgiovanni_11765_14873816_hill.py","similarity":0.12972972972972974},{"first_submission":"melgarfrancisco_44172_14867760_hill.py","second_submission":"melgarfrancisco_44172_14867759_generic.py","similarity":0.12871287128712872},{"first_submission":"lyalex_36345_14873974_hill.py","second_submission":"lathsamnang_40690_14869063_hill.py","similarity":0.12834224598930483},{"first_submission":"nguyenthuan_62951_14875377_hill.py","second_submission":"jinalvin_32921_14866680_hill-1.py","similarity":0.12834224598930483},{"first_submission":"hosingloyeric_42717_14874616_hill.py","second_submission":"contrerasgiovanni_11765_14873816_hill.py","similarity":0.12834224598930483},{"first_submission":"ruebsamenhunter_42818_14840014_hill.py","second_submission":"dangtrevor_42745_14874484_hill.py","similarity":0.1276595744680851},{"first_submission":"ashrafrayyan_42996_14874020_hill-2.py","second_submission":"lathsamnang_40690_14869063_hill.py","similarity":0.1276595744680851},{"first_submission":"chimvichet_33675_14871481_hill.py","second_submission":"gordillocarine_28482_14873648_hill.py","similarity":0.12698412698412698},{"first_submission":"romerosilvano_61824_14864079_hill.py","second_submission":"nguyentuan_38579_14868152_hill.py","similarity":0.12631578947368421},{"first_submission":"ashrafrayyan_42996_14874020_hill-2.py","second_submission":"delgadodiego_56969_14849153_hill.py","similarity":0.12560386473429952},{"first_submission":"vegaalexander_33484_14874900_hill.py","second_submission":"anayabriant_43550_14831483_hill.py","similarity":0.125},{"first_submission":"ashrafrayyan_42996_14874020_hill-2.py","second_submission":"ajitsharvay_23484_14874557_hill.py","similarity":0.12396694214876033},{"first_submission":"maganacesar_17599_14875592_hill-1.py","second_submission":"dangtrevor_42745_14874483_genetic.py","similarity":0.12345679012345678},{"first_submission":"dangtrevor_42745_14874484_hill.py","second_submission":"angelaidantristen_26559_14863921_genetic.py","similarity":0.1222707423580786},{"first_submission":"nguyentuan_38579_14868152_hill.py","second_submission":"nguyentuan_38579_14868151_genetic.py","similarity":0.12206572769953052},{"first_submission":"panderick_63265_14840418_hill.py","second_submission":"zhaohongliang_54111_14869791_hill.py","similarity":0.1218274111675127},{"first_submission":"ashrafrayyan_42996_14874020_hill-2.py","second_submission":"nguyenthuan_62951_14875534_genetic-2.py","similarity":0.1218274111675127},{"first_submission":"gordillocarine_28482_14873648_hill.py","second_submission":"morenodaniel_31442_14867137_hill.py","similarity":0.12093023255813953},{"first_submission":"nguyenthuan_62951_14875534_genetic-2.py","second_submission":"ashrafrayyan_42996_14874019_genetic-2.py","similarity":0.12},{"first_submission":"jaimealexis_73469_14871350_hill.py","second_submission":"jaimealexis_73469_14871351_genetic.py","similarity":0.12},{"first_submission":"board.py","second_submission":"zhaohongliang_54111_14869791_hill.py","similarity":0.11981566820276497},{"first_submission":"jinalvin_32921_14866679_genetic-1.py","second_submission":"hoangalex_46866_14868768_genetic.py","similarity":0.11894273127753303},{"first_submission":"dangtrevor_42745_14874484_hill.py","second_submission":"maganacesar_17599_14875589_genetic-1.py","similarity":0.1171875},{"first_submission":"ortizbacaluis_31190_14866218_hill.py","second_submission":"ortizbacaluis_31190_14866216_genetic.py","similarity":0.11711711711711711},{"first_submission":"askamjoshua_52582_14867173_genetic-3.py","second_submission":"nguyenkatelynn_51984_14875663_genetic.py","similarity":0.11707317073170732},{"first_submission":"lyalex_36345_14873974_hill.py","second_submission":"delgadodiego_56969_14849153_hill.py","similarity":0.11650485436893204},{"first_submission":"romerosilvano_61824_14864079_hill.py","second_submission":"nguyenthuan_62951_14875534_genetic-2.py","similarity":0.11594202898550725},{"first_submission":"ashrafrayyan_42996_14874020_hill-2.py","second_submission":"zhaohongliang_54111_14869794_genetic.py","similarity":0.11403508771929824},{"first_submission":"ortizbacaluis_31190_14866216_genetic.py","second_submission":"hallsteven_8826_14863730_genetic.py","similarity":0.11371237458193979},{"first_submission":"pacinimarco_28404_14832877_genetic-1.py","second_submission":"ortizbacaluis_31190_14866216_genetic.py","similarity":0.11278195488721804},{"first_submission":"maganacesar_17599_14875592_hill-1.py","second_submission":"angelaidantristen_26559_14863921_genetic.py","similarity":0.11267605633802817},{"first_submission":"vegaalexander_33484_14874900_hill.py","second_submission":"delgadodiego_56969_14849153_hill.py","similarity":0.11214953271028037},{"first_submission":"whitcombjacob_29528_14873365_hill.py","second_submission":"lopezalex_26289_14853349_genetic.py","similarity":0.11042944785276074},{"first_submission":"romerosilvano_61824_14864079_hill.py","second_submission":"ortizbacaluis_31190_14866216_genetic.py","similarity":0.1092436974789916},{"first_submission":"melgarfrancisco_44172_14867759_generic.py","second_submission":"ortizbacaluis_31190_14866216_genetic.py","similarity":0.10869565217391304},{"first_submission":"lathsamnang_40690_14869063_hill.py","second_submission":"hosingloyeric_42717_14874617_genetic.py","similarity":0.10810810810810811},{"first_submission":"ashrafrayyan_42996_14874019_genetic-2.py","second_submission":"lathsamnang_40690_14869059_genetic.py","similarity":0.1079136690647482},{"first_submission":"dangtrevor_42745_14874484_hill.py","second_submission":"nguyenthuan_62951_14875534_genetic-2.py","similarity":0.10762331838565023},{"first_submission":"hallsteven_8826_14863731_hill.py","second_submission":"panderick_63265_14840419_genetic.py","similarity":0.10738255033557047},{"first_submission":"hallsteven_8826_14863730_genetic.py","second_submission":"tangmanting_62858_14874194_genetic-2.py","similarity":0.10493827160493827},{"first_submission":"ruebsamenhunter_42818_14840014_hill.py","second_submission":"dangtrevor_42745_14874483_genetic.py","similarity":0.1038961038961039},{"first_submission":"lopezalex_26289_14853350_hill.py","second_submission":"whitcombjacob_29528_14873366_genetic.py","similarity":0.10309278350515463}],"description":"Average of both program coverages. This is the default similarity which works in most cases: Matches with a high average similarity indicate that the programs work in a very similar way."},{"name":"MAX","distribution":[0,0,0,0,1,5,6,16,163,3995],"topComparisons":[{"first_submission":"lopezalex_26289_14853350_hill.py","second_submission":"lopezalex_26289_14853349_genetic.py","similarity":0.5061728395061729},{"first_submission":"askamjoshua_52582_14867175_hill-1.py","second_submission":"askamjoshua_52582_14867173_genetic-3.py","similarity":0.47},{"first_submission":"angelaidantristen_26559_14863922_hill.py","second_submission":"dangtrevor_42745_14874484_hill.py","similarity":0.4473684210526316},{"first_submission":"angelaidantristen_26559_14863922_hill.py","second_submission":"dangtrevor_42745_14874483_genetic.py","similarity":0.4473684210526316},{"first_submission":"huynhdylan_32351_14873929_hill.py","second_submission":"huynhdylan_32351_14873928_genetic.py","similarity":0.42207792207792205},{"first_submission":"angelaidantristen_26559_14863922_hill.py","second_submission":"angelaidantristen_26559_14863921_genetic.py","similarity":0.42105263157894735},{"first_submission":"nguyenthanh_29352_14862401_hill.py","second_submission":"nguyenthanh_29352_14862400_genetic.py","similarity":0.3937007874015748},{"first_submission":"romerosilvano_61824_14864079_hill.py","second_submission":"romerosilvano_61824_14864080_genetic.py","similarity":0.3695652173913043},{"first_submission":"trankayla_23296_14876313_hill-LATE.py","second_submission":"nguyenthuan_62951_14875377_hill.py","similarity":0.3333333333333333},{"first_submission":"angelaidantristen_26559_14863922_hill.py","second_submission":"ruebsamenhunter_42818_14840014_hill.py","similarity":0.3157894736842105},{"first_submission":"maganacesar_17599_14875592_hill-1.py","second_submission":"maganacesar_17599_14875589_genetic-1.py","similarity":0.30434782608695654},{"first_submission":"hoangalex_46866_14868763_hill.py","second_submission":"hoangalex_46866_14868768_genetic.py","similarity":0.3037037037037037},{"first_submission":"lathsamnang_40690_14869063_hill.py","second_submission":"dangtrevor_42745_14874484_hill.py","similarity":0.29245283018867924},{"first_submission":"fisherjustin_55157_14870356_hill.py","second_submission":"fisherjustin_55157_14870357_genetic.py","similarity":0.28125},{"first_submission":"trankayla_23296_14876312_genetic-LATE.py","second_submission":"nguyenkatelynn_51984_14875663_genetic.py","similarity":0.2785714285714286},{"first_submission":"whitcombjacob_29528_14873365_hill.py","second_submission":"whitcombjacob_29528_14873366_genetic.py","similarity":0.2777777777777778},{"first_submission":"ortizbacaluis_31190_14866218_hill.py","second_submission":"anayabriant_43550_14831483_hill.py","similarity":0.27631578947368424},{"first_submission":"ashrafrayyan_42996_14874020_hill-2.py","second_submission":"dangtrevor_42745_14874484_hill.py","similarity":0.2682926829268293},{"first_submission":"nguyenkatelynn_51984_14875648_hill.py","second_submission":"delgadodiego_56969_14849156_genetic.py","similarity":0.25688073394495414},{"first_submission":"hosingloyeric_42717_14874616_hill.py","second_submission":"pacinimarco_28404_14832876_hill-1.py","similarity":0.24096385542168675},{"first_submission":"dangtrevor_42745_14874484_hill.py","second_submission":"dangtrevor_42745_14874483_genetic.py","similarity":0.24074074074074073},{"first_submission":"lyalex_36345_14873974_hill.py","second_submission":"lyalex_36345_14873976_genetic.py","similarity":0.2345679012345679},{"first_submission":"maraaidan_55856_14854392_hill-5.py","second_submission":"maraaidan_55856_14854391_genetic-4.py","similarity":0.22935779816513763},{"first_submission":"delgadodiego_56969_14849153_hill.py","second_submission":"delgadodiego_56969_14849156_genetic.py","similarity":0.208},{"first_submission":"ashrafrayyan_42996_14874019_genetic-2.py","second_submission":"ruebsamenhunter_42818_14840015_genetic.py","similarity":0.2074074074074074},{"first_submission":"steerkate_29295_14837555_hill.py","second_submission":"tangmanting_62858_14874192_hill-1.py","similarity":0.20270270270270271},{"first_submission":"panderick_63265_14840418_hill.py","second_submission":"tessemabesufekad_42850_14875193_hill.py","similarity":0.1917808219178082},{"first_submission":"panderick_63265_14840418_hill.py","second_submission":"anayabriant_43550_14831483_hill.py","similarity":0.1917808219178082},{"first_submission":"hallsteven_8826_14863731_hill.py","second_submission":"zhaohongliang_54111_14869791_hill.py","similarity":0.18604651162790697},{"first_submission":"hallsteven_8826_14863731_hill.py","second_submission":"panderick_63265_14840419_genetic.py","similarity":0.18604651162790697},{"first_submission":"lopezalex_26289_14853350_hill.py","second_submission":"whitcombjacob_29528_14873365_hill.py","similarity":0.18518518518518517},{"first_submission":"lopezalex_26289_14853350_hill.py","second_submission":"whitcombjacob_29528_14873366_genetic.py","similarity":0.18518518518518517},{"first_submission":"melgarfrancisco_44172_14867759_generic.py","second_submission":"chimvichet_33675_14871482_genetic.py","similarity":0.18461538461538463},{"first_submission":"ortizbacaluis_31190_14866218_hill.py","second_submission":"nguyenkiet_34640_14874480_hill-1.py","similarity":0.18421052631578946},{"first_submission":"nguyenthuan_62951_14875377_hill.py","second_submission":"board.py","similarity":0.1839080459770115},{"first_submission":"nguyenthuan_62951_14875377_hill.py","second_submission":"nguyenthuan_62951_14875534_genetic-2.py","similarity":0.1839080459770115},{"first_submission":"ashrafrayyan_42996_14874020_hill-2.py","second_submission":"ajitsharvay_23484_14874557_hill.py","similarity":0.18292682926829268},{"first_submission":"board.py","second_submission":"dangtrevor_42745_14874484_hill.py","similarity":0.1827956989247312},{"first_submission":"hosingloyeric_42717_14874616_hill.py","second_submission":"zhaohongliang_54111_14869791_hill.py","similarity":0.18072289156626506},{"first_submission":"melgarfrancisco_44172_14867760_hill.py","second_submission":"melgarfrancisco_44172_14867759_generic.py","similarity":0.18055555555555555},{"first_submission":"romerosilvano_61824_14864079_hill.py","second_submission":"delgadodiego_56969_14849153_hill.py","similarity":0.17391304347826086},{"first_submission":"nguyenthuan_62951_14875377_hill.py","second_submission":"dangtrevor_42745_14874484_hill.py","similarity":0.1724137931034483},{"first_submission":"ortizbacaluis_31190_14866218_hill.py","second_submission":"ortizbacaluis_31190_14866216_genetic.py","similarity":0.17105263157894737},{"first_submission":"vegaalexander_33484_14874900_hill.py","second_submission":"nguyenkatelynn_51984_14875648_hill.py","similarity":0.16853932584269662},{"first_submission":"pacinimarco_28404_14832876_hill-1.py","second_submission":"contrerasgiovanni_11765_14873816_hill.py","similarity":0.16842105263157894},{"first_submission":"melgarfrancisco_44172_14867760_hill.py","second_submission":"pacinimarco_28404_14832876_hill-1.py","similarity":0.16666666666666666},{"first_submission":"whitcombjacob_29528_14873365_hill.py","second_submission":"lopezalex_26289_14853349_genetic.py","similarity":0.16666666666666666},{"first_submission":"panderick_63265_14840418_hill.py","second_submission":"hallsteven_8826_14863731_hill.py","similarity":0.1643835616438356},{"first_submission":"panderick_63265_14840418_hill.py","second_submission":"zhaohongliang_54111_14869791_hill.py","similarity":0.1643835616438356},{"first_submission":"maganacesar_17599_14875592_hill-1.py","second_submission":"dangtrevor_42745_14874484_hill.py","similarity":0.16304347826086957},{"first_submission":"maganacesar_17599_14875592_hill-1.py","second_submission":"dangtrevor_42745_14874483_genetic.py","similarity":0.16304347826086957},{"first_submission":"tangmanting_62858_14874192_hill-1.py","second_submission":"hosingloyeric_42717_14874616_hill.py","similarity":0.1625},{"first_submission":"lopezalex_26289_14853350_hill.py","second_submission":"askamjoshua_52582_14867175_hill-1.py","similarity":0.16049382716049382},{"first_submission":"ashrafrayyan_42996_14874020_hill-2.py","second_submission":"delgadodiego_56969_14849153_hill.py","similarity":0.15853658536585366},{"first_submission":"ashrafrayyan_42996_14874020_hill-2.py","second_submission":"zhaohongliang_54111_14869794_genetic.py","similarity":0.15853658536585366},{"first_submission":"tangmanting_62858_14874194_genetic-2.py","second_submission":"jinalvin_32921_14866679_genetic-1.py","similarity":0.15789473684210525},{"first_submission":"hosingloyeric_42717_14874616_hill.py","second_submission":"nguyenthuan_62951_14875534_genetic-2.py","similarity":0.1566265060240964},{"first_submission":"romerosilvano_61824_14864079_hill.py","second_submission":"nguyenkatelynn_51984_14875648_hill.py","similarity":0.15217391304347827},{"first_submission":"hallsteven_8826_14863731_hill.py","second_submission":"board.py","similarity":0.1511627906976744},{"first_submission":"hallsteven_8826_14863731_hill.py","second_submission":"dangtrevor_42745_14874484_hill.py","similarity":0.1511627906976744},{"first_submission":"lathsamnang_40690_14869063_hill.py","second_submission":"hosingloyeric_42717_14874617_genetic.py","similarity":0.1509433962264151},{"first_submission":"pacinimarco_28404_14832877_genetic-1.py","second_submission":"zhaohongliang_54111_14869794_genetic.py","similarity":0.15},{"first_submission":"ruebsamenhunter_42818_14840014_hill.py","second_submission":"dangtrevor_42745_14874484_hill.py","similarity":0.15},{"first_submission":"ruebsamenhunter_42818_14840014_hill.py","second_submission":"dangtrevor_42745_14874483_genetic.py","similarity":0.15},{"first_submission":"nguyenthuan_62951_14875377_hill.py","second_submission":"fisherjustin_55157_14870356_hill.py","similarity":0.14942528735632185},{"first_submission":"lyalex_36345_14873974_hill.py","second_submission":"ashrafrayyan_42996_14874020_hill-2.py","similarity":0.14814814814814814},{"first_submission":"dangtrevor_42745_14874484_hill.py","second_submission":"zhaohongliang_54111_14869791_hill.py","similarity":0.14814814814814814},{"first_submission":"lyalex_36345_14873974_hill.py","second_submission":"contrerasgiovanni_11765_14873816_hill.py","similarity":0.14814814814814814},{"first_submission":"lyalex_36345_14873974_hill.py","second_submission":"lathsamnang_40690_14869063_hill.py","similarity":0.14814814814814814},{"first_submission":"lyalex_36345_14873974_hill.py","second_submission":"delgadodiego_56969_14849153_hill.py","similarity":0.14814814814814814},{"first_submission":"nguyenkatelynn_51984_14875648_hill.py","second_submission":"delgadodiego_56969_14849153_hill.py","similarity":0.14678899082568808},{"first_submission":"ashrafrayyan_42996_14874020_hill-2.py","second_submission":"lathsamnang_40690_14869063_hill.py","similarity":0.14634146341463414},{"first_submission":"ashrafrayyan_42996_14874020_hill-2.py","second_submission":"nguyenthuan_62951_14875534_genetic-2.py","similarity":0.14634146341463414},{"first_submission":"jaimealexis_73469_14871350_hill.py","second_submission":"jaimealexis_73469_14871351_genetic.py","similarity":0.14563106796116504},{"first_submission":"hosingloyeric_42717_14874616_hill.py","second_submission":"contrerasgiovanni_11765_14873816_hill.py","similarity":0.14457831325301204},{"first_submission":"nguyenkiet_34640_14874480_hill-1.py","second_submission":"jinalvin_32921_14866680_hill-1.py","similarity":0.14285714285714285},{"first_submission":"nguyenkiet_34640_14874480_hill-1.py","second_submission":"anayabriant_43550_14831483_hill.py","similarity":0.14285714285714285},{"first_submission":"trankayla_23296_14876313_hill-LATE.py","second_submission":"jinalvin_32921_14866680_hill-1.py","similarity":0.14285714285714285},{"first_submission":"romerosilvano_61824_14864079_hill.py","second_submission":"ortizbacaluis_31190_14866216_genetic.py","similarity":0.14130434782608695},{"first_submission":"board.py","second_submission":"zhaohongliang_54111_14869791_hill.py","similarity":0.13978494623655913},{"first_submission":"dangtrevor_42745_14874484_hill.py","second_submission":"maganacesar_17599_14875589_genetic-1.py","similarity":0.1388888888888889},{"first_submission":"nguyenthuan_62951_14875377_hill.py","second_submission":"jinalvin_32921_14866680_hill-1.py","similarity":0.13793103448275862},{"first_submission":"vegaalexander_33484_14874900_hill.py","second_submission":"anayabriant_43550_14831483_hill.py","similarity":0.1348314606741573},{"first_submission":"vegaalexander_33484_14874900_hill.py","second_submission":"delgadodiego_56969_14849153_hill.py","similarity":0.1348314606741573},{"first_submission":"chimvichet_33675_14871481_hill.py","second_submission":"gordillocarine_28482_14873648_hill.py","similarity":0.13333333333333333},{"first_submission":"nguyentuan_38579_14868152_hill.py","second_submission":"nguyentuan_38579_14868151_genetic.py","similarity":0.1326530612244898},{"first_submission":"gordillocarine_28482_14873648_hill.py","second_submission":"morenodaniel_31442_14867137_hill.py","similarity":0.13131313131313133},{"first_submission":"romerosilvano_61824_14864079_hill.py","second_submission":"nguyentuan_38579_14868152_hill.py","similarity":0.13043478260869565},{"first_submission":"nguyenthuan_62951_14875534_genetic-2.py","second_submission":"ashrafrayyan_42996_14874019_genetic-2.py","similarity":0.13043478260869565},{"first_submission":"romerosilvano_61824_14864079_hill.py","second_submission":"nguyenthuan_62951_14875534_genetic-2.py","similarity":0.13043478260869565},{"first_submission":"maganacesar_17599_14875592_hill-1.py","second_submission":"angelaidantristen_26559_14863921_genetic.py","similarity":0.13043478260869565},{"first_submission":"dangtrevor_42745_14874484_hill.py","second_submission":"angelaidantristen_26559_14863921_genetic.py","similarity":0.12962962962962962},{"first_submission":"pacinimarco_28404_14832877_genetic-1.py","second_submission":"ortizbacaluis_31190_14866216_genetic.py","similarity":0.125},{"first_submission":"askamjoshua_52582_14867173_genetic-3.py","second_submission":"nguyenkatelynn_51984_14875663_genetic.py","similarity":0.12413793103448276},{"first_submission":"jinalvin_32921_14866679_genetic-1.py","second_submission":"hoangalex_46866_14868768_genetic.py","similarity":0.1232876712328767},{"first_submission":"ortizbacaluis_31190_14866216_genetic.py","second_submission":"hallsteven_8826_14863730_genetic.py","similarity":0.11643835616438356},{"first_submission":"melgarfrancisco_44172_14867759_generic.py","second_submission":"ortizbacaluis_31190_14866216_genetic.py","similarity":0.11538461538461539},{"first_submission":"ashrafrayyan_42996_14874019_genetic-2.py","second_submission":"lathsamnang_40690_14869059_genetic.py","similarity":0.1111111111111111},{"first_submission":"dangtrevor_42745_14874484_hill.py","second_submission":"nguyenthuan_62951_14875534_genetic-2.py","similarity":0.1111111111111111},{"first_submission":"hallsteven_8826_14863730_genetic.py","second_submission":"tangmanting_62858_14874194_genetic-2.py","similarity":0.1111111111111111}],"description":"Maximum of both program coverages. This ranking is especially useful if the programs are very different in size. This can happen when dead code was inserted to disguise the origin of the plagiarized program."}],"clusters":[{"average_similarity":0.12823267991981308,"strength":0.024746775594846327,"members":["maganacesar_17599_14875592_hill-1.py","maganacesar_17599_14875589_genetic-1.py","angelaidantristen_26559_14863921_genetic.py","dangtrevor_42745_14874483_genetic.py"]},{"average_similarity":0.08501135745592987,"strength":0.008903658642275903,"members":["ashrafrayyan_42996_14874019_genetic-2.py","ruebsamenhunter_42818_14840015_genetic.py","quezadagabriel_61627_14875613_genetic.py"]},{"average_similarity":0.1735159817351598,"strength":0.005940151630383211,"members":["lyalex_36345_14873974_hill.py","lyalex_36345_14873976_genetic.py"]},{"average_similarity":0.12417086075622659,"strength":0.01305646439742795,"members":["huynhdylan_32351_14873929_hill.py","huynhdylan_32351_14873928_genetic.py","wellsbrody_52745_14855687_hill.py"]},{"average_similarity":0.12,"strength":0.004292021683133044,"members":["jaimealexis_73469_14871350_hill.py","jaimealexis_73469_14871351_genetic.py"]},{"average_similarity":0.2033898305084746,"strength":0.006800148381926563,"members":["angelaidantristen_26559_14863922_hill.py","ruebsamenhunter_42818_14840014_hill.py"]},{"average_similarity":0.18543046357615894,"strength":0.006305562796786543,"members":["panderick_63265_14840418_hill.py","tessemabesufekad_42850_14875193_hill.py"]},{"average_similarity":0.07973421926910298,"strength":0.002393431194285562,"members":["vegaalexander_33484_14874900_hill.py","nguyenkiet_34640_14874481_genetic-1.py"]},{"average_similarity":0.14516158922938585,"strength":0.013278863163318683,"members":["nguyenkatelynn_51984_14875648_hill.py","delgadodiego_56969_14849156_genetic.py","delgadodiego_56969_14849153_hill.py"]},{"average_similarity":0.18181818181818182,"strength":0.005280733263981852,"members":["romerosilvano_61824_14864079_hill.py","romerosilvano_61824_14864080_genetic.py"]},{"average_similarity":0.10801499045226644,"strength":0.010027335391731415,"members":["tangmanting_62858_14874194_genetic-2.py","jinalvin_32921_14866679_genetic-1.py","hallsteven_8826_14863730_genetic.py"]},{"average_similarity":0.09752191881633165,"strength":0.015477344002386482,"members":["board.py","hallsteven_8826_14863731_hill.py","zhaohongliang_54111_14869791_hill.py","ajitsharvay_23484_14874556_genetic.py"]},{"average_similarity":0.15165758035834598,"strength":0.030701651920857456,"members":["lopezalex_26289_14853350_hill.py","lopezalex_26289_14853349_genetic.py","whitcombjacob_29528_14873365_hill.py","whitcombjacob_29528_14873366_genetic.py"]},{"average_similarity":0.05700563226054761,"strength":0.005673982637512188,"members":["leevictor_61746_14875525_hill.py","kiyunakyle_29164_14867755_hill.py","kiyunakyle_29164_14867756_genetic.py"]},{"average_similarity":0.19480519480519481,"strength":0.006841806474407283,"members":["steerkate_29295_14837555_hill.py","tangmanting_62858_14874192_hill-1.py"]},{"average_similarity":0.116953342259759,"strength":0.011499322775076221,"members":["pacinimarco_28404_14832877_genetic-1.py","zhaohongliang_54111_14869794_genetic.py","ortizbacaluis_31190_14866216_genetic.py"]},{"average_similarity":0.16611295681063123,"strength":0.005825491420491886,"members":["maraaidan_55856_14854392_hill-5.py","maraaidan_55856_14854391_genetic-4.py"]},{"average_similarity":0.22162162162162163,"strength":0.007450353766771824,"members":["hoangalex_46866_14868763_hill.py","hoangalex_46866_14868768_genetic.py"]},{"average_similarity":0.12870172277896633,"strength":0.009219263991389427,"members":["lathsamnang_40690_14869063_hill.py","dangtrevor_42745_14874484_hill.py","lathsamnang_40690_14869059_genetic.py"]},{"average_similarity":0.1218274111675127,"strength":0.002791825209616302,"members":["ashrafrayyan_42996_14874020_hill-2.py","nguyenthuan_62951_14875534_genetic-2.py"]},{"average_similarity":0.11271233928991185,"strength":0.02246202825622463,"members":["ortizbacaluis_31190_14866218_hill.py","anayabriant_43550_14831483_hill.py","nguyenkiet_34640_14874480_hill-1.py","jinalvin_32921_14866680_hill-1.py"]},{"average_similarity":0.06541624047624518,"strength":0.009240104238805,"members":["trankayla_23296_14876312_genetic-LATE.py","nguyenkatelynn_51984_14875663_genetic.py","chimvichet_33675_14871482_genetic.py","steerkate_29295_14837556_genetic.py"]},{"average_similarity":0.05405405405405406,"strength":0.0015542787918144617,"members":["ajitsharvay_23484_14874557_hill.py","wellsbrody_52745_14855686_genetic.py"]},{"average_similarity":0.12871287128712872,"strength":0.004362550624286023,"members":["melgarfrancisco_44172_14867760_hill.py","melgarfrancisco_44172_14867759_generic.py"]},{"average_similarity":0.04378889375243162,"strength":0.008909083272525596,"members":["fisherjustin_55157_14870356_hill.py","fisherjustin_55157_14870357_genetic.py","anayabriant_43550_14831482_genetic.py","morenodaniel_31442_14867138_genetic.py"]},{"average_similarity":0.17128845573780094,"strength":0.016444337323583975,"members":["hosingloyeric_42717_14874616_hill.py","pacinimarco_28404_14832876_hill-1.py","contrerasgiovanni_11765_14873816_hill.py"]},{"average_similarity":0.32748538011695905,"strength":0.010795232539295116,"members":["trankayla_23296_14876313_hill-LATE.py","nguyenthuan_62951_14875377_hill.py"]},{"average_similarity":0.08263811984742217,"strength":0.008730684674920752,"members":["chimvichet_33675_14871481_hill.py","gordillocarine_28482_14873648_hill.py","morenodaniel_31442_14867137_hill.py"]},{"average_similarity":0.24102564102564103,"strength":0.007738559977609571,"members":["askamjoshua_52582_14867175_hill-1.py","askamjoshua_52582_14867173_genetic-3.py"]},{"average_similarity":0.06607929515418502,"strength":0.0017446344820661003,"members":["panderick_63265_14840419_genetic.py","chhorbbryan_35249_14857973_genetic.py"]},{"average_similarity":0.0748766100878777,"strength":0.007515942906438148,"members":["nguyentuan_38579_14868152_hill.py","nguyentuan_38579_14868151_genetic.py","sorianobrianna_24419_14875352_genetic.py"]},{"average_similarity":0.2242152466367713,"strength":0.007853289114437157,"members":["nguyenthanh_29352_14862401_hill.py","nguyenthanh_29352_14862400_genetic.py"]},{"average_similarity":0.07761194029850746,"strength":0.0025735894195420025,"members":["gordillocarine_28482_14873649_genetic.py","sorianobrianna_24419_14875353_hill.py"]}],"total_comparisons":4186}