{"id1":"trankayla_23296_14876312_genetic-LATE.py","id2":"nguyenkatelynn_51984_14875663_genetic.py","similarity":0.2578512396694215,"matches":[{"file1":"trankayla_23296_14876312_genetic-LATE.py\\trankayla_23296_14876312_genetic-LATE.py","file2":"nguyenkatelynn_51984_14875663_genetic.py\\nguyenkatelynn_51984_14875663_genetic.py","start1":15,"end1":45,"start2":23,"end2":45,"tokens":50},{"file1":"trankayla_23296_14876312_genetic-LATE.py\\trankayla_23296_14876312_genetic-LATE.py","file2":"nguyenkatelynn_51984_14875663_genetic.py\\nguyenkatelynn_51984_14875663_genetic.py","start1":17,"end1":20,"start2":46,"end2":49,"tokens":16},{"file1":"trankayla_23296_14876312_genetic-LATE.py\\trankayla_23296_14876312_genetic-LATE.py","file2":"nguyenkatelynn_51984_14875663_genetic.py\\nguyenkatelynn_51984_14875663_genetic.py","start1":9,"end1":12,"start2":17,"end2":20,"tokens":12}]}